id,firstname,surname,birth_date,death_date,born_country,born_country_code,born_city,died_country,died_country_code,died_city,gender,award_year,category,overall_motivation,share,motivation,name,city,country,birth_year,age_at_award,decade,motivation_clean
1,Wilhelm Conrad,Röntgen,1845-03-27,1923-02-10,Prussia (now Germany),DE,Lennep (now Remscheid),Germany,DE,Munich,Male,1901,Physics,,1,"""in recognition of the extraordinary services he has rendered by the discovery of the remarkable rays subsequently named after him""",Munich University,Munich,Germany,1845,56,1900,in recognition of the extraordinary services he has rendered by the discovery of the remarkable rays subsequently named after him
2,Hendrik A.,Lorentz,1853-07-18,1928-02-04,the Netherlands,NL,Arnhem,the Netherlands,NL,,Male,1902,Physics,,2,"""in recognition of the extraordinary service they rendered by their researches into the influence of magnetism upon radiation phenomena""",Leiden University,Leiden,the Netherlands,1853,49,1900,in recognition of the extraordinary service they rendered by their researches into the influence of magnetism upon radiation phenomena
3,Pieter,Zeeman,1865-05-25,1943-10-09,the Netherlands,NL,Zonnemaire,the Netherlands,NL,Amsterdam,Male,1902,Physics,,2,"""in recognition of the extraordinary service they rendered by their researches into the influence of magnetism upon radiation phenomena""",Amsterdam University,Amsterdam,the Netherlands,1865,37,1900,in recognition of the extraordinary service they rendered by their researches into the influence of magnetism upon radiation phenomena
4,Henri,Becquerel,1852-12-15,1908-08-25,France,FR,Paris,France,FR,,Male,1903,Physics,,2,"""in recognition of the extraordinary services he has rendered by his discovery of spontaneous radioactivity""",École Polytechnique,Paris,France,1852,51,1900,in recognition of the extraordinary services he has rendered by his discovery of spontaneous radioactivity
5,Pierre,Curie,1859-05-15,1906-04-19,France,FR,Paris,France,FR,Paris,Male,1903,Physics,,4,"""in recognition of the extraordinary services they have rendered by their joint researches on the radiation phenomena discovered by Professor Henri Becquerel""",École municipale de physique et de chimie industrielles (Municipal School of Industrial Physics and Chemistry),Paris,France,1859,44,1900,in recognition of the extraordinary services they have rendered by their joint researches on the radiation phenomena discovered by professor henri becquerel
6,Marie,Curie,1867-11-07,1934-07-04,Russian Empire (now Poland),PL,Warsaw,France,FR,Sallanches,Female,1903,Physics,,4,"""in recognition of the extraordinary services they have rendered by their joint researches on the radiation phenomena discovered by Professor Henri Becquerel""",,,,1867,36,1900,in recognition of the extraordinary services they have rendered by their joint researches on the radiation phenomena discovered by professor henri becquerel
6,Marie,Curie,1867-11-07,1934-07-04,Russian Empire (now Poland),PL,Warsaw,France,FR,Sallanches,Female,1911,Chemistry,,1,"""in recognition of her services to the advancement of chemistry by the discovery of the elements radium and polonium by the isolation of radium and the study of the nature and compounds of this remarkable element""",Sorbonne University,Paris,France,1867,44,1910,in recognition of her services to the advancement of chemistry by the discovery of the elements radium and polonium by the isolation of radium and the study of the nature and compounds of this remarkable element
8,Lord,Rayleigh,1842-11-12,1919-06-30,United Kingdom,GB,Langford Grove Maldon Essex,United Kingdom,GB,,Male,1904,Physics,,1,"""for his investigations of the densities of the most important gases and for his discovery of argon in connection with these studies""",Royal Institution of Great Britain,London,United Kingdom,1842,62,1900,for his investigations of the densities of the most important gases and for his discovery of argon in connection with these studies
9,Philipp,Lenard,1862-06-07,1947-05-20,Hungary (now Slovakia),SK,Pressburg (now Bratislava),Germany,DE,Messelhausen,Male,1905,Physics,,1,"""for his work on cathode rays""",Kiel University,Kiel,Germany,1862,43,1900,for his work on cathode rays
10,J.J.,Thomson,1856-12-18,1940-08-30,United Kingdom,GB,Cheetham Hill,United Kingdom,GB,Cambridge,Male,1906,Physics,,1,"""in recognition of the great merits of his theoretical and experimental investigations on the conduction of electricity by gases""",University of Cambridge,Cambridge,United Kingdom,1856,50,1900,in recognition of the great merits of his theoretical and experimental investigations on the conduction of electricity by gases
11,Albert A.,Michelson,1852-12-19,1931-05-09,Prussia (now Poland),PL,Strelno (now Strzelno),USA,US,Pasadena CA,Male,1907,Physics,,1,"""for his optical precision instruments and the spectroscopic and metrological investigations carried out with their aid""",University of Chicago,Chicago IL,USA,1852,55,1900,for his optical precision instruments and the spectroscopic and metrological investigations carried out with their aid
12,Gabriel,Lippmann,1845-08-16,1921-07-13,Luxembourg,LU,Hollerich,,,,Male,1908,Physics,,1,"""for his method of reproducing colours photographically based on the phenomenon of interference""",Sorbonne University,Paris,France,1845,63,1900,for his method of reproducing colours photographically based on the phenomenon of interference
13,Guglielmo,Marconi,1874-04-25,1937-07-20,Italy,IT,Bologna,Italy,IT,Rome,Male,1909,Physics,,2,"""in recognition of their contributions to the development of wireless telegraphy""",Marconi Wireless Telegraph Co. Ltd.,London,United Kingdom,1874,35,1900,in recognition of their contributions to the development of wireless telegraphy
14,Ferdinand,Braun,1850-06-06,1918-04-20,Hesse-Kassel (now Germany),DE,Fulda,USA,US,Brooklyn NY,Male,1909,Physics,,2,"""in recognition of their contributions to the development of wireless telegraphy""",Strasbourg University,Strasbourg,Germany (now France),1850,59,1900,in recognition of their contributions to the development of wireless telegraphy
15,Johannes Diderik,van der Waals,1837-11-23,1923-03-08,the Netherlands,NL,Leiden,the Netherlands,NL,Amsterdam,Male,1910,Physics,,1,"""for his work on the equation of state for gases and liquids""",Amsterdam University,Amsterdam,the Netherlands,1837,73,1910,for his work on the equation of state for gases and liquids
16,Wilhelm,Wien,1864-01-13,1928-08-30,Prussia (now Russia),RU,Gaffken (now Parusnoye),Germany,DE,Munich,Male,1911,Physics,,1,"""for his discoveries regarding the laws governing the radiation of heat""",Würzburg University,Würzburg,Germany,1864,47,1910,for his discoveries regarding the laws governing the radiation of heat
17,Gustaf,Dalén,1869-11-30,1937-12-09,Sweden,SE,Stenstorp,Sweden,SE,Stockholm,Male,1912,Physics,,1,"""for his invention of automatic regulators for use in conjunction with gas accumulators for illuminating lighthouses and buoys""",Swedish Gas-Accumulator Co.,Lidingö Stockholm,Sweden,1869,43,1910,for his invention of automatic regulators for use in conjunction with gas accumulators for illuminating lighthouses and buoys
18,Heike,Kamerlingh Onnes,1853-09-21,1926-02-21,the Netherlands,NL,Groningen,the Netherlands,NL,Leiden,Male,1913,Physics,,1,"""for his investigations on the properties of matter at low temperatures which led inter alia to the production of liquid helium""",Leiden University,Leiden,the Netherlands,1853,60,1910,for his investigations on the properties of matter at low temperatures which led inter alia to the production of liquid helium
19,Max,von Laue,1879-10-09,1960-04-23,Germany,DE,Pfaffendorf,West Germany (now Germany),DE,Berlin,Male,1914,Physics,,1,"""for his discovery of the diffraction of X-rays by crystals""",Frankfurt-on-the-Main University,Frankfurt-on-the-Main,Germany,1879,35,1910,for his discovery of the diffraction of x rays by crystals
20,William,Bragg,1862-07-02,1942-03-12,United Kingdom,GB,Wigton,United Kingdom,GB,London,Male,1915,Physics,,2,"""for their services in the analysis of crystal structure by means of X-rays""",University College,London,United Kingdom,1862,53,1910,for their services in the analysis of crystal structure by means of x rays
21,Lawrence,Bragg,1890-03-31,1971-07-01,Australia,AU,Adelaide,United Kingdom,GB,Ipswich,Male,1915,Physics,,2,"""for their services in the analysis of crystal structure by means of X-rays""",Victoria University,Manchester,United Kingdom,1890,25,1910,for their services in the analysis of crystal structure by means of x rays
22,Charles Glover,Barkla,1877-06-07,1944-10-23,United Kingdom,GB,Widnes,Scotland,GB,Edinburgh,Male,1917,Physics,,1,"""for his discovery of the characteristic R&ouml;ntgen radiation of the elements""",Edinburgh University,Edinburgh,United Kingdom,1877,40,1910,for his discovery of the characteristic r ouml ntgen radiation of the elements
23,Max,Planck,1858-04-23,1947-10-04,Schleswig (now Germany),DE,Kiel,West Germany (now Germany),DE,Göttingen,Male,1918,Physics,,1,"""in recognition of the services he rendered to the advancement of Physics by his discovery of energy quanta""",Berlin University,Berlin,Germany,1858,60,1910,in recognition of the services he rendered to the advancement of physics by his discovery of energy quanta
24,Johannes,Stark,1874-04-15,1957-06-21,Germany,DE,Schickenhof,West Germany (now Germany),DE,Traunstein,Male,1919,Physics,,1,"""for his discovery of the Doppler effect in canal rays and the splitting of spectral lines in electric fields""",Greifswald University,Greifswald,Germany,1874,45,1910,for his discovery of the doppler effect in canal rays and the splitting of spectral lines in electric fields
25,Charles Edouard,Guillaume,1861-02-15,1938-06-13,Switzerland,CH,Fleurier,France,FR,Sèvres,Male,1920,Physics,,1,"""in recognition of the service he has rendered to precision measurements in Physics by his discovery of anomalies in nickel steel alloys""",Bureau International des Poids et Mesures (International Bureau of Weights and Measures),Sèvres,France,1861,59,1920,in recognition of the service he has rendered to precision measurements in physics by his discovery of anomalies in nickel steel alloys
26,Albert,Einstein,1879-03-14,1955-04-18,Germany,DE,Ulm,USA,US,Princeton NJ,Male,1921,Physics,,1,"""for his services to Theoretical Physics and especially for his discovery of the law of the photoelectric effect""",Kaiser-Wilhelm-Institut (now Max-Planck-Institut) für Physik,Berlin,Germany,1879,42,1920,for his services to theoretical physics and especially for his discovery of the law of the photoelectric effect
27,Niels,Bohr,1885-10-07,1962-11-18,Denmark,DK,Copenhagen,Denmark,DK,Copenhagen,Male,1922,Physics,,1,"""for his services in the investigation of the structure of atoms and of the radiation emanating from them""",Copenhagen University,Copenhagen,Denmark,1885,37,1920,for his services in the investigation of the structure of atoms and of the radiation emanating from them
28,Robert A.,Millikan,1868-03-22,1953-12-19,USA,US,Morrison IL,USA,US,San Marino CA,Male,1923,Physics,,1,"""for his work on the elementary charge of electricity and on the photoelectric effect""",California Institute of Technology (Caltech),Pasadena CA,USA,1868,55,1920,for his work on the elementary charge of electricity and on the photoelectric effect
29,Manne,Siegbahn,1886-12-03,1978-09-26,Sweden,SE,Örebro,Sweden,SE,Stockholm,Male,1924,Physics,,1,"""for his discoveries and research in the field of X-ray spectroscopy""",Uppsala University,Uppsala,Sweden,1886,38,1920,for his discoveries and research in the field of x ray spectroscopy
30,James,Franck,1882-08-26,1964-05-21,Germany,DE,Hamburg,West Germany (now Germany),DE,Göttingen,Male,1925,Physics,,2,"""for their discovery of the laws governing the impact of an electron upon an atom""",Goettingen University,Göttingen,Germany,1882,43,1920,for their discovery of the laws governing the impact of an electron upon an atom
31,Gustav,Hertz,1887-07-22,1975-10-30,Germany,DE,Hamburg,East Germany (now Germany),DE,Berlin,Male,1925,Physics,,2,"""for their discovery of the laws governing the impact of an electron upon an atom""",Halle University,Halle,Germany,1887,38,1920,for their discovery of the laws governing the impact of an electron upon an atom
32,Jean Baptiste,Perrin,1870-09-30,1942-04-17,France,FR,Lille,USA,US,New York NY,Male,1926,Physics,,1,"""for his work on the discontinuous structure of matter and especially for his discovery of sedimentation equilibrium""",Sorbonne University,Paris,France,1870,56,1920,for his work on the discontinuous structure of matter and especially for his discovery of sedimentation equilibrium
33,Arthur H.,Compton,1892-09-10,1962-03-15,USA,US,Wooster OH,USA,US,Berkeley CA,Male,1927,Physics,,2,"""for his discovery of the effect named after him""",University of Chicago,Chicago IL,USA,1892,35,1920,for his discovery of the effect named after him
34,C.T.R.,Wilson,1869-02-14,1959-11-15,Scotland,GB,Glencorse,Scotland,GB,Carlops,Male,1927,Physics,,2,"""for his method of making the paths of electrically charged particles visible by condensation of vapour""",University of Cambridge,Cambridge,United Kingdom,1869,58,1920,for his method of making the paths of electrically charged particles visible by condensation of vapour
35,Owen Willans,Richardson,1879-04-26,1959-02-15,United Kingdom,GB,Dewsbury,United Kingdom,GB,Alton,Male,1928,Physics,,1,"""for his work on the thermionic phenomenon and especially for the discovery of the law named after him""",London University,London,United Kingdom,1879,49,1920,for his work on the thermionic phenomenon and especially for the discovery of the law named after him
36,Louis,de Broglie,1892-08-15,1987-03-19,France,FR,Dieppe,France,FR,Paris,Male,1929,Physics,,1,"""for his discovery of the wave nature of electrons""",Sorbonne University Institut Henri Poincaré,Paris,France,1892,37,1920,for his discovery of the wave nature of electrons
37,Sir Chandrasekhara Venkata,Raman,1888-11-07,1970-11-21,India,IN,Tiruchirappalli,India,IN,Bangalore,Male,1930,Physics,,1,"""for his work on the scattering of light and for the discovery of the effect named after him""",Calcutta University,Calcutta,India,1888,42,1930,for his work on the scattering of light and for the discovery of the effect named after him
38,Werner,Heisenberg,1901-12-05,1976-02-01,Germany,DE,Würzburg,West Germany (now Germany),DE,Munich,Male,1932,Physics,,1,"""for the creation of quantum mechanics the application of which has inter alia led to the discovery of the allotropic forms of hydrogen""",Leipzig University,Leipzig,Germany,1901,31,1930,for the creation of quantum mechanics the application of which has inter alia led to the discovery of the allotropic forms of hydrogen
39,Erwin,Schrödinger,1887-08-12,1961-01-04,Austria,AT,Vienna,Austria,AT,Vienna,Male,1933,Physics,,2,"""for the discovery of new productive forms of atomic theory""",Berlin University,Berlin,Germany,1887,46,1930,for the discovery of new productive forms of atomic theory
40,Paul A.M.,Dirac,1902-08-08,1984-10-20,United Kingdom,GB,Bristol,USA,US,Tallahassee FL,Male,1933,Physics,,2,"""for the discovery of new productive forms of atomic theory""",University of Cambridge,Cambridge,United Kingdom,1902,31,1930,for the discovery of new productive forms of atomic theory
41,James,Chadwick,1891-10-20,1974-07-24,United Kingdom,GB,Manchester,United Kingdom,GB,Cambridge,Male,1935,Physics,,1,"""for the discovery of the neutron""",Liverpool University,Liverpool,United Kingdom,1891,44,1930,for the discovery of the neutron
42,Victor F.,Hess,1883-06-24,1964-12-17,Austria,AT,Peggau,USA,US,Mount Vernon NY,Male,1936,Physics,,2,"""for his discovery of cosmic radiation""",Innsbruck University,Innsbruck,Austria,1883,53,1930,for his discovery of cosmic radiation
43,Carl D.,Anderson,1905-09-03,1991-01-11,USA,US,New York NY,USA,US,San Marino CA,Male,1936,Physics,,2,"""for his discovery of the positron""",California Institute of Technology (Caltech),Pasadena CA,USA,1905,31,1930,for his discovery of the positron
44,Clinton,Davisson,1881-10-22,1958-02-01,USA,US,Bloomington IL,USA,US,Charlottesville VA,Male,1937,Physics,,2,"""for their experimental discovery of the diffraction of electrons by crystals""",Bell Telephone Laboratories,New York NY,USA,1881,56,1930,for their experimental discovery of the diffraction of electrons by crystals
45,George Paget,Thomson,1892-05-03,1975-09-10,United Kingdom,GB,Cambridge,United Kingdom,GB,Cambridge,Male,1937,Physics,,2,"""for their experimental discovery of the diffraction of electrons by crystals""",London University,London,United Kingdom,1892,45,1930,for their experimental discovery of the diffraction of electrons by crystals
46,Enrico,Fermi,1901-09-29,1954-11-28,Italy,IT,Rome,USA,US,Chicago IL,Male,1938,Physics,,1,"""for his demonstrations of the existence of new radioactive elements produced by neutron irradiation and for his related discovery of nuclear reactions brought about by slow neutrons""",Rome University,Rome,Italy,1901,37,1930,for his demonstrations of the existence of new radioactive elements produced by neutron irradiation and for his related discovery of nuclear reactions brought about by slow neutrons
47,Ernest,Lawrence,1901-08-08,1958-08-27,USA,US,Canton SD,USA,US,Palo Alto CA,Male,1939,Physics,,1,"""for the invention and development of the cyclotron and for results obtained with it especially with regard to artificial radioactive elements""",University of California,Berkeley CA,USA,1901,38,1930,for the invention and development of the cyclotron and for results obtained with it especially with regard to artificial radioactive elements
48,Otto,Stern,1888-02-17,1969-08-17,Germany (now Poland),PL,Sorau (now Zory),USA,US,Berkeley CA,Male,1943,Physics,,1,"""for his contribution to the development of the molecular ray method and his discovery of the magnetic moment of the proton""",Carnegie Institute of Technology,Pittsburgh PA,USA,1888,55,1940,for his contribution to the development of the molecular ray method and his discovery of the magnetic moment of the proton
49,Isidor Isaac,Rabi,1898-07-29,1988-01-11,Austria-Hungary (now Poland),PL,Rymanow,USA,US,New York NY,Male,1944,Physics,,1,"""for his resonance method for recording the magnetic properties of atomic nuclei""",Columbia University,New York NY,USA,1898,46,1940,for his resonance method for recording the magnetic properties of atomic nuclei
50,Wolfgang,Pauli,1900-04-25,1958-12-15,Austria,AT,Vienna,Switzerland,CH,Zurich,Male,1945,Physics,,1,"""for the discovery of the Exclusion Principle also called the Pauli Principle""",Princeton University,Princeton NJ,USA,1900,45,1940,for the discovery of the exclusion principle also called the pauli principle
51,Percy W.,Bridgman,1882-04-21,1961-08-20,USA,US,Cambridge MA,USA,US,Randolph NH,Male,1946,Physics,,1,"""for the invention of an apparatus to produce extremely high pressures and for the discoveries he made therewith in the field of high pressure physics""",Harvard University,Cambridge MA,USA,1882,64,1940,for the invention of an apparatus to produce extremely high pressures and for the discoveries he made therewith in the field of high pressure physics
52,Edward V.,Appleton,1892-09-06,1965-04-21,United Kingdom,GB,Bradford,Scotland,GB,Edinburgh,Male,1947,Physics,,1,"""for his investigations of the physics of the upper atmosphere especially for the discovery of the so-called Appleton layer""",Department of Scientific and Industrial Research,London,United Kingdom,1892,55,1940,for his investigations of the physics of the upper atmosphere especially for the discovery of the so called appleton layer
53,Patrick M.S.,Blackett,1897-11-18,1974-07-13,United Kingdom,GB,London,United Kingdom,GB,London,Male,1948,Physics,,1,"""for his development of the Wilson cloud chamber method and his discoveries therewith in the fields of nuclear physics and cosmic radiation""",Victoria University,Manchester,United Kingdom,1897,51,1940,for his development of the wilson cloud chamber method and his discoveries therewith in the fields of nuclear physics and cosmic radiation
54,Hideki,Yukawa,1907-01-23,1981-09-08,Japan,JP,Tokyo,Japan,JP,Kyoto,Male,1949,Physics,,1,"""for his prediction of the existence of mesons on the basis of theoretical work on nuclear forces""",Columbia University,New York NY,USA,1907,42,1940,for his prediction of the existence of mesons on the basis of theoretical work on nuclear forces
55,Cecil,Powell,1903-12-05,1969-08-09,United Kingdom,GB,Tonbridge,Italy,IT,,Male,1950,Physics,,1,"""for his development of the photographic method of studying nuclear processes and his discoveries regarding mesons made with this method""",Bristol University,Bristol,United Kingdom,1903,47,1950,for his development of the photographic method of studying nuclear processes and his discoveries regarding mesons made with this method
56,John,Cockcroft,1897-05-27,1967-09-18,United Kingdom,GB,Todmorden,United Kingdom,GB,Cambridge,Male,1951,Physics,,2,"""for their pioneer work on the transmutation of atomic nuclei by artificially accelerated atomic particles""",Atomic Energy Research Establishment,Harwell Berkshire,United Kingdom,1897,54,1950,for their pioneer work on the transmutation of atomic nuclei by artificially accelerated atomic particles
57,Ernest T.S.,Walton,1903-10-06,1995-06-25,Ireland,IE,Dungarvan,Northern Ireland,GB,Belfast,Male,1951,Physics,,2,"""for their pioneer work on the transmutation of atomic nuclei by artificially accelerated atomic particles""",Trinity College,Dublin,Ireland,1903,48,1950,for their pioneer work on the transmutation of atomic nuclei by artificially accelerated atomic particles
58,Felix,Bloch,1905-10-23,1983-09-10,Switzerland,CH,Zurich,Switzerland,CH,Zurich,Male,1952,Physics,,2,"""for their development of new methods for nuclear magnetic precision measurements and discoveries in connection therewith""",Stanford University,Stanford CA,USA,1905,47,1950,for their development of new methods for nuclear magnetic precision measurements and discoveries in connection therewith
59,E. M.,Purcell,1912-08-30,1997-03-07,USA,US,Taylorville IL,USA,US,Cambridge MA,Male,1952,Physics,,2,"""for their development of new methods for nuclear magnetic precision measurements and discoveries in connection therewith""",Harvard University,Cambridge MA,USA,1912,40,1950,for their development of new methods for nuclear magnetic precision measurements and discoveries in connection therewith
60,Frits,Zernike,1888-07-16,1966-03-10,the Netherlands,NL,Amsterdam,the Netherlands,NL,Groningen,Male,1953,Physics,,1,"""for his demonstration of the phase contrast method especially for his invention of the phase contrast microscope""",Groningen University,Groningen,the Netherlands,1888,65,1950,for his demonstration of the phase contrast method especially for his invention of the phase contrast microscope
61,Max,Born,1882-12-11,1970-01-05,Germany (now Poland),PL,Breslau (now Wroclaw),West Germany (now Germany),DE,Göttingen,Male,1954,Physics,,2,"""for his fundamental research in quantum mechanics especially for his statistical interpretation of the wavefunction""",Edinburgh University,Edinburgh,United Kingdom,1882,72,1950,for his fundamental research in quantum mechanics especially for his statistical interpretation of the wavefunction
62,Walther,Bothe,1891-01-08,1957-02-08,Germany,DE,Oranienburg,West Germany (now Germany),DE,Heidelberg,Male,1954,Physics,,2,"""for the coincidence method and his discoveries made therewith""",University of Heidelberg,Heidelberg,Germany,1891,63,1950,for the coincidence method and his discoveries made therewith
63,Willis E.,Lamb,1913-07-12,2008-05-15,USA,US,Los Angeles CA,USA,US,Tucson AZ,Male,1955,Physics,,2,"""for his discoveries concerning the fine structure of the hydrogen spectrum""",Stanford University,Stanford CA,USA,1913,42,1950,for his discoveries concerning the fine structure of the hydrogen spectrum
64,Polykarp,Kusch,1911-01-26,1993-03-20,Germany,DE,Blankenburg,USA,US,Dallas TX,Male,1955,Physics,,2,"""for his precision determination of the magnetic moment of the electron""",Columbia University,New York NY,USA,1911,44,1950,for his precision determination of the magnetic moment of the electron
65,William B.,Shockley,1910-02-13,1989-08-12,United Kingdom,GB,London,USA,US,Palo Alto CA,Male,1956,Physics,,3,"""for their researches on semiconductors and their discovery of the transistor effect""",Semiconductor Laboratory of Beckman Instruments Inc.,Mountain View CA,USA,1910,46,1950,for their researches on semiconductors and their discovery of the transistor effect
66,John,Bardeen,1908-05-23,1991-01-30,USA,US,Madison WI,USA,US,Boston MA,Male,1956,Physics,,3,"""for their researches on semiconductors and their discovery of the transistor effect""",University of Illinois,Urbana IL,USA,1908,48,1950,for their researches on semiconductors and their discovery of the transistor effect
66,John,Bardeen,1908-05-23,1991-01-30,USA,US,Madison WI,USA,US,Boston MA,Male,1972,Physics,,3,"""for their jointly developed theory of superconductivity usually called the BCS-theory""",University of Illinois,Urbana IL,USA,1908,64,1970,for their jointly developed theory of superconductivity usually called the bcs theory
67,Walter H.,Brattain,1902-02-10,1987-10-13,China,CN,Amoy,USA,US,Seattle WA,Male,1956,Physics,,3,"""for their researches on semiconductors and their discovery of the transistor effect""",Bell Telephone Laboratories,Murray Hill NJ,USA,1902,54,1950,for their researches on semiconductors and their discovery of the transistor effect
68,Chen Ning,Yang,1922-09-22,,China,CN,Hofei Anhwei,,,,Male,1957,Physics,,2,"""for their penetrating investigation of the so-called parity laws which has led to important discoveries regarding the elementary particles""",Institute for Advanced Study,Princeton NJ,USA,1922,35,1950,for their penetrating investigation of the so called parity laws which has led to important discoveries regarding the elementary particles
69,Tsung-Dao,Lee,1926-11-24,,China,CN,Shanghai,,,,Male,1957,Physics,,2,"""for their penetrating investigation of the so-called parity laws which has led to important discoveries regarding the elementary particles""",Columbia University,New York NY,USA,1926,31,1950,for their penetrating investigation of the so called parity laws which has led to important discoveries regarding the elementary particles
70,Pavel A.,Cherenkov,1904-07-28,1990-01-06,Russia,RU,Novaya Chigla,USSR (now Russia),RU,,Male,1958,Physics,,3,"""for the discovery and the interpretation of the Cherenkov effect""",P.N. Lebedev Physical Institute,Moscow,USSR (now Russia),1904,54,1950,for the discovery and the interpretation of the cherenkov effect
71,Igor Y.,Tamm,1895-07-08,1971-04-12,Russia,RU,Vladivostok,USSR (now Russia),RU,Moscow,Male,1958,Physics,,3,"""for the discovery and the interpretation of the Cherenkov effect""",Lomonosov Moscow State University,Moscow,USSR (now Russia),1895,63,1950,for the discovery and the interpretation of the cherenkov effect
72,Emilio,Segrè,1905-02-01,1989-04-22,Italy,IT,Tivoli,USA,US,Lafayette CA,Male,1959,Physics,,2,"""for their discovery of the antiproton""",University of California,Berkeley CA,USA,1905,54,1950,for their discovery of the antiproton
73,Owen,Chamberlain,1920-07-10,2006-02-28,USA,US,San Francisco CA,USA,US,Berkeley CA,Male,1959,Physics,,2,"""for their discovery of the antiproton""",University of California,Berkeley CA,USA,1920,39,1950,for their discovery of the antiproton
74,Donald A.,Glaser,1926-09-21,2013-02-28,USA,US,Cleveland OH,USA,US,Berkeley CA,Male,1960,Physics,,1,"""for the invention of the bubble chamber""",University of California,Berkeley CA,USA,1926,34,1960,for the invention of the bubble chamber
75,Robert,Hofstadter,1915-02-05,1990-11-17,USA,US,New York NY,USA,US,Stanford CA,Male,1961,Physics,,2,"""for his pioneering studies of electron scattering in atomic nuclei and for his thereby achieved discoveries concerning the structure of the nucleons""",Stanford University,Stanford CA,USA,1915,46,1960,for his pioneering studies of electron scattering in atomic nuclei and for his thereby achieved discoveries concerning the structure of the nucleons
76,Rudolf,Mössbauer,1929-01-31,2011-09-14,Germany,DE,Munich,,,,Male,1961,Physics,,2,"""for his researches concerning the resonance absorption of gamma radiation and his discovery in this connection of the effect which bears his name""",Technical University,Munich,Germany,1929,32,1960,for his researches concerning the resonance absorption of gamma radiation and his discovery in this connection of the effect which bears his name
77,Lev,Landau,1908-01-22,1968-04-01,Russian Empire (now Azerbaijan),AZ,Baku,USSR (now Russia),RU,Moscow,Male,1962,Physics,,1,"""for his pioneering theories for condensed matter especially liquid helium""",Academy of Sciences,Moscow,USSR (now Russia),1908,54,1960,for his pioneering theories for condensed matter especially liquid helium
78,Eugene,Wigner,1902-11-17,1995-01-01,Austria-Hungary (now Hungary),HU,Budapest,USA,US,Princeton NJ,Male,1963,Physics,,2,"""for his contributions to the theory of the atomic nucleus and the elementary particles particularly through the discovery and application of fundamental symmetry principles""",Princeton University,Princeton NJ,USA,1902,61,1960,for his contributions to the theory of the atomic nucleus and the elementary particles particularly through the discovery and application of fundamental symmetry principles
79,Maria,Goeppert Mayer,1906-06-28,1972-02-20,Germany (now Poland),PL,Kattowitz (now Katowice),USA,US,San Diego CA,Female,1963,Physics,,4,"""for their discoveries concerning nuclear shell structure""",University of California,San Diego CA,USA,1906,57,1960,for their discoveries concerning nuclear shell structure
80,J. Hans D.,Jensen,1907-06-25,1973-02-11,Germany,DE,Hamburg,West Germany (now Germany),DE,Heidelberg,Male,1963,Physics,,4,"""for their discoveries concerning nuclear shell structure""",University of Heidelberg,Heidelberg,Germany,1907,56,1960,for their discoveries concerning nuclear shell structure
81,Charles H.,Townes,1915-07-28,2015-01-27,USA,US,Greenville SC,USA,US,Berkeley CA,Male,1964,Physics,,2,"""for fundamental work in the field of quantum electronics which has led to the construction of oscillators and amplifiers based on the maser-laser principle""",Massachusetts Institute of Technology (MIT),Cambridge MA,USA,1915,49,1960,for fundamental work in the field of quantum electronics which has led to the construction of oscillators and amplifiers based on the maser laser principle
82,Nicolay G.,Basov,1922-12-14,2001-07-01,USSR (now Russia),RU,Usman,Russia,RU,Moscow,Male,1964,Physics,,4,"""for fundamental work in the field of quantum electronics which has led to the construction of oscillators and amplifiers based on the maser-laser principle""",P.N. Lebedev Physical Institute,Moscow,USSR (now Russia),1922,42,1960,for fundamental work in the field of quantum electronics which has led to the construction of oscillators and amplifiers based on the maser laser principle
83,Aleksandr M.,Prokhorov,1916-07-11,2002-01-08,Australia,AU,Atherton,Russia,RU,Moscow,Male,1964,Physics,,4,"""for fundamental work in the field of quantum electronics which has led to the construction of oscillators and amplifiers based on the maser-laser principle""",P.N. Lebedev Physical Institute,Moscow,USSR (now Russia),1916,48,1960,for fundamental work in the field of quantum electronics which has led to the construction of oscillators and amplifiers based on the maser laser principle
84,Sin-Itiro,Tomonaga,1906-03-31,1979-07-08,Japan,JP,Kyoto,Japan,JP,Tokyo,Male,1965,Physics,,3,"""for their fundamental work in quantum electrodynamics with deep-ploughing consequences for the physics of elementary particles""",Tokyo University of Education,Tokyo,Japan,1906,59,1960,for their fundamental work in quantum electrodynamics with deep ploughing consequences for the physics of elementary particles
85,Julian,Schwinger,1918-02-12,1994-07-16,USA,US,New York NY,USA,US,Los Angeles CA,Male,1965,Physics,,3,"""for their fundamental work in quantum electrodynamics with deep-ploughing consequences for the physics of elementary particles""",Harvard University,Cambridge MA,USA,1918,47,1960,for their fundamental work in quantum electrodynamics with deep ploughing consequences for the physics of elementary particles
86,Richard P.,Feynman,1918-05-11,1988-02-15,USA,US,New York NY,USA,US,Los Angeles CA,Male,1965,Physics,,3,"""for their fundamental work in quantum electrodynamics with deep-ploughing consequences for the physics of elementary particles""",California Institute of Technology (Caltech),Pasadena CA,USA,1918,47,1960,for their fundamental work in quantum electrodynamics with deep ploughing consequences for the physics of elementary particles
87,Alfred,Kastler,1902-05-03,1984-01-07,Germany (now France),FR,Guebwiller,France,FR,Bandol,Male,1966,Physics,,1,"""for the discovery and development of optical methods for studying Hertzian resonances in atoms""",École Normale Supérieure,Paris,France,1902,64,1960,for the discovery and development of optical methods for studying hertzian resonances in atoms
88,Hans,Bethe,1906-07-02,2005-03-06,Germany (now France),FR,Strasbourg,USA,US,Ithaca NY,Male,1967,Physics,,1,"""for his contributions to the theory of nuclear reactions especially his discoveries concerning the energy production in stars""",Cornell University,Ithaca NY,USA,1906,61,1960,for his contributions to the theory of nuclear reactions especially his discoveries concerning the energy production in stars
89,Luis,Alvarez,1911-06-13,1988-09-01,USA,US,San Francisco CA,USA,US,Berkeley CA,Male,1968,Physics,,1,"""for his decisive contributions to elementary particle physics in particular the discovery of a large number of resonance states made possible through his development of the technique of using hydrogen bubble chamber and data analysis""",University of California,Berkeley CA,USA,1911,57,1960,for his decisive contributions to elementary particle physics in particular the discovery of a large number of resonance states made possible through his development of the technique of using hydrogen bubble chamber and data analysis
90,Murray,Gell-Mann,1929-09-15,2019-05-24,USA,US,New York NY,USA,US,Santa Fe NM,Male,1969,Physics,,1,"""for his contributions and discoveries concerning the classification of elementary particles and their interactions""",California Institute of Technology (Caltech),Pasadena CA,USA,1929,40,1960,for his contributions and discoveries concerning the classification of elementary particles and their interactions
91,Hannes,Alfvén,1908-05-30,1995-04-02,Sweden,SE,Norrköping,Sweden,SE,Djursholm,Male,1970,Physics,,2,"""for fundamental work and discoveries in magnetohydro-dynamics with fruitful applications in different parts of plasma physics""",Royal Institute of Technology,Stockholm,Sweden,1908,62,1970,for fundamental work and discoveries in magnetohydro dynamics with fruitful applications in different parts of plasma physics
92,Louis,Néel,1904-11-22,2000-11-17,France,FR,Lyon,France,FR,Brive-Corrèze,Male,1970,Physics,,2,"""for fundamental work and discoveries concerning antiferromagnetism and ferrimagnetism which have led to important applications in solid state physics""",University of Grenoble,Grenoble,France,1904,66,1970,for fundamental work and discoveries concerning antiferromagnetism and ferrimagnetism which have led to important applications in solid state physics
93,Dennis,Gabor,1900-06-05,1979-02-08,Hungary,HU,Budapest,United Kingdom,GB,London,Male,1971,Physics,,1,"""for his invention and development of the holographic method""",Imperial College,London,United Kingdom,1900,71,1970,for his invention and development of the holographic method
95,Leon N.,Cooper,1930-02-28,,USA,US,New York NY,,,,Male,1972,Physics,,3,"""for their jointly developed theory of superconductivity usually called the BCS-theory""",Brown University,Providence RI,USA,1930,42,1970,for their jointly developed theory of superconductivity usually called the bcs theory
96,Robert,Schrieffer,1931-05-31,2019-07-27,USA,US,Oak Park IL,USA,US,Tallahassee FL,Male,1972,Physics,,3,"""for their jointly developed theory of superconductivity usually called the BCS-theory""",University of Pennsylvania,Philadelphia PA,USA,1931,41,1970,for their jointly developed theory of superconductivity usually called the bcs theory
97,Leo,Esaki,1925-03-12,,Japan,JP,Osaka,,,,Male,1973,Physics,,4,"""for their experimental discoveries regarding tunneling phenomena in semiconductors and superconductors respectively""",IBM Thomas J. Watson Research Center,Yorktown Heights NY,USA,1925,48,1970,for their experimental discoveries regarding tunneling phenomena in semiconductors and superconductors respectively
98,Ivar,Giaever,1929-04-05,,Norway,NO,Bergen,,,,Male,1973,Physics,,4,"""for their experimental discoveries regarding tunneling phenomena in semiconductors and superconductors respectively""",General Electric Company,Schenectady NY,USA,1929,44,1970,for their experimental discoveries regarding tunneling phenomena in semiconductors and superconductors respectively
99,Brian D.,Josephson,1940-01-04,,United Kingdom,GB,Cardiff,,,,Male,1973,Physics,,2,"""for his theoretical predictions of the properties of a supercurrent through a tunnel barrier in particular those phenomena which are generally known as the Josephson effects""",University of Cambridge,Cambridge,United Kingdom,1940,33,1970,for his theoretical predictions of the properties of a supercurrent through a tunnel barrier in particular those phenomena which are generally known as the josephson effects
100,Martin,Ryle,1918-09-27,1984-10-14,United Kingdom,GB,Brighton,United Kingdom,GB,Cambridge,Male,1974,Physics,,2,"""for their pioneering research in radio astrophysics: Ryle for his observations and inventions in particular of the aperture synthesis technique and Hewish for his decisive role in the discovery of pulsars""",University of Cambridge,Cambridge,United Kingdom,1918,56,1970,for their pioneering research in radio astrophysics ryle for his observations and inventions in particular of the aperture synthesis technique and hewish for his decisive role in the discovery of pulsars
101,Antony,Hewish,1924-05-11,2021-09-13,United Kingdom,GB,Fowey,,,,Male,1974,Physics,,2,"""for their pioneering research in radio astrophysics: Ryle for his observations and inventions in particular of the aperture synthesis technique and Hewish for his decisive role in the discovery of pulsars""",University of Cambridge,Cambridge,United Kingdom,1924,50,1970,for their pioneering research in radio astrophysics ryle for his observations and inventions in particular of the aperture synthesis technique and hewish for his decisive role in the discovery of pulsars
102,Aage N.,Bohr,1922-06-19,2009-09-08,Denmark,DK,Copenhagen,Denmark,DK,Copenhagen,Male,1975,Physics,,3,"""for the discovery of the connection between collective motion and particle motion in atomic nuclei and the development of the theory of the structure of the atomic nucleus based on this connection""",Niels Bohr Institute,Copenhagen,Denmark,1922,53,1970,for the discovery of the connection between collective motion and particle motion in atomic nuclei and the development of the theory of the structure of the atomic nucleus based on this connection
103,Ben R.,Mottelson,1926-07-09,2022-05-13,USA,US,Chicago IL,,,,Male,1975,Physics,,3,"""for the discovery of the connection between collective motion and particle motion in atomic nuclei and the development of the theory of the structure of the atomic nucleus based on this connection""",Nordita,Copenhagen,Denmark,1926,49,1970,for the discovery of the connection between collective motion and particle motion in atomic nuclei and the development of the theory of the structure of the atomic nucleus based on this connection
104,James,Rainwater,1917-12-09,1986-03-31,USA,US,Council ID,USA,US,Yonkers NY,Male,1975,Physics,,3,"""for the discovery of the connection between collective motion and particle motion in atomic nuclei and the development of the theory of the structure of the atomic nucleus based on this connection""",Columbia University,New York NY,USA,1917,58,1970,for the discovery of the connection between collective motion and particle motion in atomic nuclei and the development of the theory of the structure of the atomic nucleus based on this connection
105,Burton,Richter,1931-03-22,2018-07-18,USA,US,Brooklyn NY,USA,US,Stanford CA,Male,1976,Physics,,2,"""for their pioneering work in the discovery of a heavy elementary particle of a new kind""",Stanford Linear Accelerator Center,Stanford CA,USA,1931,45,1970,for their pioneering work in the discovery of a heavy elementary particle of a new kind
106,Samuel C.C.,Ting,1936-01-27,,USA,US,Ann Arbor MI,,,,Male,1976,Physics,,2,"""for their pioneering work in the discovery of a heavy elementary particle of a new kind""",Massachusetts Institute of Technology (MIT),Cambridge MA,USA,1936,40,1970,for their pioneering work in the discovery of a heavy elementary particle of a new kind
107,Philip W.,Anderson,1923-12-13,2020-03-29,USA,US,Indianapolis IN,USA,US,Princeton NJ,Male,1977,Physics,,3,"""for their fundamental theoretical investigations of the electronic structure of magnetic and disordered systems""",Bell Telephone Laboratories,Murray Hill NJ,USA,1923,54,1970,for their fundamental theoretical investigations of the electronic structure of magnetic and disordered systems
108,Sir Nevill F.,Mott,1905-09-30,1996-08-08,United Kingdom,GB,Leeds,United Kingdom,GB,Milton Keynes,Male,1977,Physics,,3,"""for their fundamental theoretical investigations of the electronic structure of magnetic and disordered systems""",University of Cambridge,Cambridge,United Kingdom,1905,72,1970,for their fundamental theoretical investigations of the electronic structure of magnetic and disordered systems
109,John H.,Van Vleck,1899-03-13,1980-10-27,USA,US,Middletown CT,USA,US,Cambridge MA,Male,1977,Physics,,3,"""for their fundamental theoretical investigations of the electronic structure of magnetic and disordered systems""",Harvard University,Cambridge MA,USA,1899,78,1970,for their fundamental theoretical investigations of the electronic structure of magnetic and disordered systems
110,Pyotr,Kapitsa,1894-07-09,1984-04-08,Russian Empire (now Russia),RU,Kronshtadt,USSR (now Russia),RU,Moscow,Male,1978,Physics,,2,"""for his basic inventions and discoveries in the area of low-temperature physics""",Academy of Sciences,Moscow,USSR (now Russia),1894,84,1970,for his basic inventions and discoveries in the area of low temperature physics
111,Arno,Penzias,1933-04-26,,Germany,DE,Munich,,,,Male,1978,Physics,,4,"""for their discovery of cosmic microwave background radiation""",Bell Laboratories,Holmdel NJ,USA,1933,45,1970,for their discovery of cosmic microwave background radiation
112,Robert Woodrow,Wilson,1936-01-10,,USA,US,Houston TX,,,,Male,1978,Physics,,4,"""for their discovery of cosmic microwave background radiation""",Bell Laboratories,Holmdel NJ,USA,1936,42,1970,for their discovery of cosmic microwave background radiation
113,Sheldon,Glashow,1932-12-05,,USA,US,New York NY,,,,Male,1979,Physics,,3,"""for their contributions to the theory of the unified weak and electromagnetic interaction between elementary particles including inter alia the prediction of the weak neutral current""",Harvard University Lyman Laboratory,Cambridge MA,USA,1932,47,1970,for their contributions to the theory of the unified weak and electromagnetic interaction between elementary particles including inter alia the prediction of the weak neutral current
114,Abdus,Salam,1926-01-29,1996-11-21,India (now Pakistan),PK,Jhang Maghiāna,United Kingdom,GB,Oxford,Male,1979,Physics,,3,"""for their contributions to the theory of the unified weak and electromagnetic interaction between elementary particles including inter alia the prediction of the weak neutral current""",International Centre for Theoretical Physics,Trieste,Italy,1926,53,1970,for their contributions to the theory of the unified weak and electromagnetic interaction between elementary particles including inter alia the prediction of the weak neutral current
115,Steven,Weinberg,1933-05-03,2021-07-23,USA,US,New York NY,USA,US,Austin TX,Male,1979,Physics,,3,"""for their contributions to the theory of the unified weak and electromagnetic interaction between elementary particles including inter alia the prediction of the weak neutral current""",Harvard University,Cambridge MA,USA,1933,46,1970,for their contributions to the theory of the unified weak and electromagnetic interaction between elementary particles including inter alia the prediction of the weak neutral current
116,James,Cronin,1931-09-29,2016-08-25,USA,US,Chicago IL,USA,US,St. Paul MN,Male,1980,Physics,,2,"""for the discovery of violations of fundamental symmetry principles in the decay of neutral K-mesons""",University of Chicago,Chicago IL,USA,1931,49,1980,for the discovery of violations of fundamental symmetry principles in the decay of neutral k mesons
117,Val,Fitch,1923-03-10,2015-02-05,USA,US,Merriman NE,USA,US,Princeton NJ,Male,1980,Physics,,2,"""for the discovery of violations of fundamental symmetry principles in the decay of neutral K-mesons""",Princeton University,Princeton NJ,USA,1923,57,1980,for the discovery of violations of fundamental symmetry principles in the decay of neutral k mesons
118,Nicolaas,Bloembergen,1920-03-11,2017-09-05,the Netherlands,NL,Dordrecht,USA,US,Tucson AZ,Male,1981,Physics,,4,"""for their contribution to the development of laser spectroscopy""",Harvard University,Cambridge MA,USA,1920,61,1980,for their contribution to the development of laser spectroscopy
119,Arthur L.,Schawlow,1921-05-05,1999-04-28,USA,US,Mount Vernon NY,USA,US,Palo Alto CA,Male,1981,Physics,,4,"""for their contribution to the development of laser spectroscopy""",Stanford University,Stanford CA,USA,1921,60,1980,for their contribution to the development of laser spectroscopy
120,Kai M.,Siegbahn,1918-04-20,2007-07-20,Sweden,SE,Lund,Sweden,SE,Ängelholm,Male,1981,Physics,,2,"""for his contribution to the development of high-resolution electron spectroscopy""",Uppsala University,Uppsala,Sweden,1918,63,1980,for his contribution to the development of high resolution electron spectroscopy
121,Kenneth G.,Wilson,1936-06-08,2013-06-15,USA,US,Waltham MA,USA,US,Saco ME,Male,1982,Physics,,1,"""for his theory for critical phenomena in connection with phase transitions""",Cornell University,Ithaca NY,USA,1936,46,1980,for his theory for critical phenomena in connection with phase transitions
122,Subrahmanyan,Chandrasekhar,1910-10-19,1995-08-21,India (now Pakistan),PK,Lahore,USA,US,Chicago IL,Male,1983,Physics,,2,"""for his theoretical studies of the physical processes of importance to the structure and evolution of the stars""",University of Chicago,Chicago IL,USA,1910,73,1980,for his theoretical studies of the physical processes of importance to the structure and evolution of the stars
123,William A.,Fowler,1911-08-09,1995-03-14,USA,US,Pittsburgh PA,USA,US,Pasadena CA,Male,1983,Physics,,2,"""for his theoretical and experimental studies of the nuclear reactions of importance in the formation of the chemical elements in the universe""",California Institute of Technology (Caltech),Pasadena CA,USA,1911,72,1980,for his theoretical and experimental studies of the nuclear reactions of importance in the formation of the chemical elements in the universe
124,Carlo,Rubbia,1934-03-31,,Italy,IT,Gorizia,,,,Male,1984,Physics,,2,"""for their decisive contributions to the large project which led to the discovery of the field particles W and Z communicators of weak interaction""",CERN,Geneva,Switzerland,1934,50,1980,for their decisive contributions to the large project which led to the discovery of the field particles w and z communicators of weak interaction
125,Simon,van der Meer,1925-11-24,2011-03-04,the Netherlands,NL,the Hague,Switzerland,CH,Geneva,Male,1984,Physics,,2,"""for their decisive contributions to the large project which led to the discovery of the field particles W and Z communicators of weak interaction""",CERN,Geneva,Switzerland,1925,59,1980,for their decisive contributions to the large project which led to the discovery of the field particles w and z communicators of weak interaction
126,Klaus,von Klitzing,1943-06-28,,German-occupied Poland (now Poland),PL,Schroda,,,,Male,1985,Physics,,1,"""for the discovery of the quantized Hall effect""",Max-Planck-Institut für Festkörperforschung,Stuttgart,Germany,1943,42,1980,for the discovery of the quantized hall effect
127,Ernst,Ruska,1906-12-25,1988-05-27,Germany,DE,Heidelberg,Germany,DE,West Berlin,Male,1986,Physics,,2,"""for his fundamental work in electron optics and for the design of the first electron microscope""",Fritz-Haber-Institut der Max-Planck-Gesellschaft,Berlin,Germany,1906,80,1980,for his fundamental work in electron optics and for the design of the first electron microscope
128,Gerd,Binnig,1947-07-20,,West Germany (now Germany),DE,Frankfurt-on-the-Main,,,,Male,1986,Physics,,4,"""for their design of the scanning tunneling microscope""",IBM Zurich Research Laboratory,Rüschlikon,Switzerland,1947,39,1980,for their design of the scanning tunneling microscope
129,Heinrich,Rohrer,1933-06-06,2013-05-16,Switzerland,CH,Buchs,Switzerland,CH,Wollerau,Male,1986,Physics,,4,"""for their design of the scanning tunneling microscope""",IBM Zurich Research Laboratory,Rüschlikon,Switzerland,1933,53,1980,for their design of the scanning tunneling microscope
130,J. Georg,Bednorz,1950-05-16,,West Germany (now Germany),DE,Neuenkirchen,,,,Male,1987,Physics,,2,"""for their important break-through in the discovery of superconductivity in ceramic materials""",IBM Zurich Research Laboratory,Rüschlikon,Switzerland,1950,37,1980,for their important break through in the discovery of superconductivity in ceramic materials
131,K. Alex,Müller,1927-04-20,2023-01-09,Switzerland,CH,Basel,Switzerland,CH,Zurich,Male,1987,Physics,,2,"""for their important break-through in the discovery of superconductivity in ceramic materials""",IBM Zurich Research Laboratory,Rüschlikon,Switzerland,1927,60,1980,for their important break through in the discovery of superconductivity in ceramic materials
132,Leon M.,Lederman,1922-07-15,2018-10-03,USA,US,New York NY,USA,US,Rexburg ID,Male,1988,Physics,,3,"""for the neutrino beam method and the demonstration of the doublet structure of the leptons through the discovery of the muon neutrino""",Fermi National Accelerator Laboratory,Batavia IL,USA,1922,66,1980,for the neutrino beam method and the demonstration of the doublet structure of the leptons through the discovery of the muon neutrino
133,Melvin,Schwartz,1932-11-02,2006-08-28,USA,US,New York NY,USA,US,Twin Falls ID,Male,1988,Physics,,3,"""for the neutrino beam method and the demonstration of the doublet structure of the leptons through the discovery of the muon neutrino""",Digital Pathways Inc.,Mountain View CA,USA,1932,56,1980,for the neutrino beam method and the demonstration of the doublet structure of the leptons through the discovery of the muon neutrino
134,Jack,Steinberger,1921-05-25,2020-12-12,Germany,DE,Bad Kissingen,Switzerland,CH,Geneva,Male,1988,Physics,,3,"""for the neutrino beam method and the demonstration of the doublet structure of the leptons through the discovery of the muon neutrino""",CERN,Geneva,Switzerland,1921,67,1980,for the neutrino beam method and the demonstration of the doublet structure of the leptons through the discovery of the muon neutrino
135,Norman F.,Ramsey,1915-08-27,2011-11-04,USA,US,Washington D.C.,USA,US,Wayland MA,Male,1989,Physics,,2,"""for the invention of the separated oscillatory fields method and its use in the hydrogen maser and other atomic clocks""",Harvard University,Cambridge MA,USA,1915,74,1980,for the invention of the separated oscillatory fields method and its use in the hydrogen maser and other atomic clocks
136,Hans G.,Dehmelt,1922-09-09,2017-03-07,Prussia (now Germany),DE,Görlitz,USA,US,Seattle WA,Male,1989,Physics,,4,"""for the development of the ion trap technique""",University of Washington,Seattle WA,USA,1922,67,1980,for the development of the ion trap technique
137,Wolfgang,Paul,1913-08-10,1993-12-07,Germany,DE,Lorenzkirch,Germany,DE,Bonn,Male,1989,Physics,,4,"""for the development of the ion trap technique""",University of Bonn,Bonn,Germany,1913,76,1980,for the development of the ion trap technique
138,Jerome I.,Friedman,1930-03-28,,USA,US,Chicago IL,,,,Male,1990,Physics,,3,"""for their pioneering investigations concerning deep inelastic scattering of electrons on protons and bound neutrons which have been of essential importance for the development of the quark model in particle physics""",Massachusetts Institute of Technology (MIT),Cambridge MA,USA,1930,60,1990,for their pioneering investigations concerning deep inelastic scattering of electrons on protons and bound neutrons which have been of essential importance for the development of the quark model in particle physics
139,Henry W.,Kendall,1926-12-09,1999-02-15,USA,US,Boston MA,USA,US,Wakulla Springs State Park FL,Male,1990,Physics,,3,"""for their pioneering investigations concerning deep inelastic scattering of electrons on protons and bound neutrons which have been of essential importance for the development of the quark model in particle physics""",Massachusetts Institute of Technology (MIT),Cambridge MA,USA,1926,64,1990,for their pioneering investigations concerning deep inelastic scattering of electrons on protons and bound neutrons which have been of essential importance for the development of the quark model in particle physics
140,Richard E.,Taylor,1929-11-02,2018-02-22,Canada,CA,Medicine Hat Alberta,USA,US,Stanford CA,Male,1990,Physics,,3,"""for their pioneering investigations concerning deep inelastic scattering of electrons on protons and bound neutrons which have been of essential importance for the development of the quark model in particle physics""",Stanford University,Stanford CA,USA,1929,61,1990,for their pioneering investigations concerning deep inelastic scattering of electrons on protons and bound neutrons which have been of essential importance for the development of the quark model in particle physics
141,Pierre-Gilles,de Gennes,1932-10-24,2007-05-18,France,FR,Paris,France,FR,Orsay,Male,1991,Physics,,1,"""for discovering that methods developed for studying order phenomena in simple systems can be generalized to more complex forms of matter in particular to liquid crystals and polymers""",Collège de France,Paris,France,1932,59,1990,for discovering that methods developed for studying order phenomena in simple systems can be generalized to more complex forms of matter in particular to liquid crystals and polymers
142,Georges,Charpak,1924-08-01,2010-09-29,Poland,PL,Dabrovica,France,FR,Paris,Male,1992,Physics,,1,"""for his invention and development of particle detectors in particular the multiwire proportional chamber""",École Supérieure de Physique et Chimie,Paris,France,1924,68,1990,for his invention and development of particle detectors in particular the multiwire proportional chamber
143,Russell A.,Hulse,1950-11-28,,USA,US,New York NY,,,,Male,1993,Physics,,2,"""for the discovery of a new type of pulsar a discovery that has opened up new possibilities for the study of gravitation""",Princeton University,Princeton NJ,USA,1950,43,1990,for the discovery of a new type of pulsar a discovery that has opened up new possibilities for the study of gravitation
144,Joseph H.,Taylor Jr.,1941-03-29,,USA,US,Philadelphia PA,,,,Male,1993,Physics,,2,"""for the discovery of a new type of pulsar a discovery that has opened up new possibilities for the study of gravitation""",Princeton University,Princeton NJ,USA,1941,52,1990,for the discovery of a new type of pulsar a discovery that has opened up new possibilities for the study of gravitation
145,Bertram N.,Brockhouse,1918-07-15,2003-10-13,Canada,CA,Lethbridge Alberta,Canada,CA,Hamilton Ontario,Male,1994,Physics,"""for pioneering contributions to the development of neutron scattering techniques for studies of condensed matter""",2,"""for the development of neutron spectroscopy""",McMaster University,Hamilton Ontario,Canada,1918,76,1990,for the development of neutron spectroscopy
146,Clifford G.,Shull,1915-09-23,2001-03-31,USA,US,Pittsburgh PA,USA,US,Medford MA,Male,1994,Physics,"""for pioneering contributions to the development of neutron scattering techniques for studies of condensed matter""",2,"""for the development of the neutron diffraction technique""",Massachusetts Institute of Technology (MIT),Cambridge MA,USA,1915,79,1990,for the development of the neutron diffraction technique
147,Martin L.,Perl,1927-06-24,2014-09-30,USA,US,New York NY,USA,US,Palo Alto CA,Male,1995,Physics,"""for pioneering experimental contributions to lepton physics""",2,"""for the discovery of the tau lepton""",Stanford University,Stanford CA,USA,1927,68,1990,for the discovery of the tau lepton
148,Frederick,Reines,1918-03-16,1998-08-26,USA,US,Paterson NJ,USA,US,Orange CA,Male,1995,Physics,"""for pioneering experimental contributions to lepton physics""",2,"""for the detection of the neutrino""",University of California,Irvine CA,USA,1918,77,1990,for the detection of the neutrino
149,David M.,Lee,1931-01-20,,USA,US,Rye NY,,,,Male,1996,Physics,,3,"""for their discovery of superfluidity in helium-3""",Cornell University,Ithaca NY,USA,1931,65,1990,for their discovery of superfluidity in helium 3
150,Douglas D.,Osheroff,1945-08-01,,USA,US,Aberdeen WA,,,,Male,1996,Physics,,3,"""for their discovery of superfluidity in helium-3""",Stanford University,Stanford CA,USA,1945,51,1990,for their discovery of superfluidity in helium 3
151,Robert C.,Richardson,1937-06-26,2013-02-19,USA,US,Washington D.C.,USA,US,Ithaca NY,Male,1996,Physics,,3,"""for their discovery of superfluidity in helium-3""",Cornell University,Ithaca NY,USA,1937,59,1990,for their discovery of superfluidity in helium 3
152,Steven,Chu,1948-02-28,,USA,US,St. Louis MO,,,,Male,1997,Physics,,3,"""for development of methods to cool and trap atoms with laser light""",Stanford University,Stanford CA,USA,1948,49,1990,for development of methods to cool and trap atoms with laser light
153,Claude,Cohen-Tannoudji,1933-04-01,,French Algeria (now Algeria),DZ,Constantine,,,,Male,1997,Physics,,3,"""for development of methods to cool and trap atoms with laser light""",Collège de France,Paris,France,1933,64,1990,for development of methods to cool and trap atoms with laser light
154,William D.,Phillips,1948-11-05,,USA,US,Wilkes-Barre PA,,,,Male,1997,Physics,,3,"""for development of methods to cool and trap atoms with laser light""",National Institute of Standards and Technology,Gaithersburg MD,USA,1948,49,1990,for development of methods to cool and trap atoms with laser light
155,Robert B.,Laughlin,1950-11-01,,USA,US,Visalia CA,,,,Male,1998,Physics,,3,"""for their discovery of a new form of quantum fluid with fractionally charged excitations""",Stanford University,Stanford CA,USA,1950,48,1990,for their discovery of a new form of quantum fluid with fractionally charged excitations
156,Horst L.,Störmer,1949-04-06,,West Germany (now Germany),DE,Frankfurt-on-the-Main,,,,Male,1998,Physics,,3,"""for their discovery of a new form of quantum fluid with fractionally charged excitations""",Columbia University,New York NY,USA,1949,49,1990,for their discovery of a new form of quantum fluid with fractionally charged excitations
157,Daniel C.,Tsui,1939-02-28,,China,CN,Henan,,,,Male,1998,Physics,,3,"""for their discovery of a new form of quantum fluid with fractionally charged excitations""",Princeton University,Princeton NJ,USA,1939,59,1990,for their discovery of a new form of quantum fluid with fractionally charged excitations
158,Gerardus,'t Hooft,1946-07-05,,the Netherlands,NL,Den Helder,,,,Male,1999,Physics,,2,"""for elucidating the quantum structure of electroweak interactions in physics""",Utrecht University,Utrecht,the Netherlands,1946,53,1990,for elucidating the quantum structure of electroweak interactions in physics
159,Martinus J.G.,Veltman,1931-06-27,2021-01-04,the Netherlands,NL,Waalwijk,the Netherlands,NL,Bilthoven,Male,1999,Physics,,2,"""for elucidating the quantum structure of electroweak interactions in physics""",,,,1931,68,1990,for elucidating the quantum structure of electroweak interactions in physics
160,Jacobus H.,van 't Hoff,1852-08-30,1911-03-01,the Netherlands,NL,Rotterdam,Germany,DE,Berlin,Male,1901,Chemistry,,1,"""in recognition of the extraordinary services he has rendered by the discovery of the laws of chemical dynamics and osmotic pressure in solutions""",Berlin University,Berlin,Germany,1852,49,1900,in recognition of the extraordinary services he has rendered by the discovery of the laws of chemical dynamics and osmotic pressure in solutions
161,Emil,Fischer,1852-10-09,1919-07-15,Prussia (now Germany),DE,Euskirchen,Germany,DE,Berlin,Male,1902,Chemistry,,1,"""in recognition of the extraordinary services he has rendered by his work on sugar and purine syntheses""",Berlin University,Berlin,Germany,1852,50,1900,in recognition of the extraordinary services he has rendered by his work on sugar and purine syntheses
162,Svante,Arrhenius,1859-02-19,1927-10-02,Sweden,SE,Vik,Sweden,SE,Stockholm,Male,1903,Chemistry,,1,"""in recognition of the extraordinary services he has rendered to the advancement of chemistry by his electrolytic theory of dissociation""",Stockholm University,Stockholm,Sweden,1859,44,1900,in recognition of the extraordinary services he has rendered to the advancement of chemistry by his electrolytic theory of dissociation
163,Sir William,Ramsay,1852-10-02,1916-07-23,Scotland,GB,Glasgow,United Kingdom,GB,High Wycombe,Male,1904,Chemistry,,1,"""in recognition of his services in the discovery of the inert gaseous elements in air and his determination of their place in the periodic system""",University College,London,United Kingdom,1852,52,1900,in recognition of his services in the discovery of the inert gaseous elements in air and his determination of their place in the periodic system
164,Adolf,von Baeyer,1835-10-31,1917-08-20,Prussia (now Germany),DE,Berlin,Germany,DE,Starnberg,Male,1905,Chemistry,,1,"""in recognition of his services in the advancement of organic chemistry and the chemical industry through his work on organic dyes and hydroaromatic compounds""",Munich University,Munich,Germany,1835,70,1900,in recognition of his services in the advancement of organic chemistry and the chemical industry through his work on organic dyes and hydroaromatic compounds
165,Henri,Moissan,1852-09-28,1907-02-20,France,FR,Paris,France,FR,Paris,Male,1906,Chemistry,,1,"""in recognition of the great services rendered by him in his investigation and isolation of the element fluorine and for the adoption in the service of science of the electric furnace called after him""",Sorbonne University,Paris,France,1852,54,1900,in recognition of the great services rendered by him in his investigation and isolation of the element fluorine and for the adoption in the service of science of the electric furnace called after him
166,Eduard,Buchner,1860-05-20,1917-08-13,Bavaria (now Germany),DE,Munich,Romania,RO,Focsani,Male,1907,Chemistry,,1,"""for his biochemical researches and his discovery of cell-free fermentation""",Landwirtschaftliche Hochschule (Agricultural College),Berlin,Germany,1860,47,1900,for his biochemical researches and his discovery of cell free fermentation
167,Ernest,Rutherford,1871-08-30,1937-10-19,New Zealand,NZ,Nelson,United Kingdom,GB,Cambridge,Male,1908,Chemistry,,1,"""for his investigations into the disintegration of the elements and the chemistry of radioactive substances""",Victoria University,Manchester,United Kingdom,1871,37,1900,for his investigations into the disintegration of the elements and the chemistry of radioactive substances
168,Wilhelm,Ostwald,1853-09-02,1932-04-04,Russian Empire (now Latvia),LV,Riga,Germany,DE,Leipzig,Male,1909,Chemistry,,1,"""in recognition of his work on catalysis and for his investigations into the fundamental principles governing chemical equilibria and rates of reaction""",Leipzig University,Leipzig,Germany,1853,56,1900,in recognition of his work on catalysis and for his investigations into the fundamental principles governing chemical equilibria and rates of reaction
169,Otto,Wallach,1847-03-27,1931-02-26,Germany (now Russia),RU,Koenigsberg (now Kaliningrad),Germany,DE,Göttingen,Male,1910,Chemistry,,1,"""in recognition of his services to organic chemistry and the chemical industry by his pioneer work in the field of alicyclic compounds""",Goettingen University,Göttingen,Germany,1847,63,1910,in recognition of his services to organic chemistry and the chemical industry by his pioneer work in the field of alicyclic compounds
172,Victor,Grignard,1871-05-06,1935-12-13,France,FR,Cherbourg,France,FR,Lyon,Male,1912,Chemistry,,2,"""for the discovery of the so-called Grignard reagent which in recent years has greatly advanced the progress of organic chemistry""",Nancy University,Nancy,France,1871,41,1910,for the discovery of the so called grignard reagent which in recent years has greatly advanced the progress of organic chemistry
173,Paul,Sabatier,1854-11-05,1941-08-14,France,FR,Carcassonne,France,FR,Toulouse,Male,1912,Chemistry,,2,"""for his method of hydrogenating organic compounds in the presence of finely disintegrated metals whereby the progress of organic chemistry has been greatly advanced in recent years""",Toulouse University,Toulouse,France,1854,58,1910,for his method of hydrogenating organic compounds in the presence of finely disintegrated metals whereby the progress of organic chemistry has been greatly advanced in recent years
174,Alfred,Werner,1866-12-12,1919-11-15,France,FR,Mulhouse,Switzerland,CH,Zurich,Male,1913,Chemistry,,1,"""in recognition of his work on the linkage of atoms in molecules by which he has thrown new light on earlier investigations and opened up new fields of research especially in inorganic chemistry""",University of Zurich,Zurich,Switzerland,1866,47,1910,in recognition of his work on the linkage of atoms in molecules by which he has thrown new light on earlier investigations and opened up new fields of research especially in inorganic chemistry
175,Theodore W.,Richards,1868-01-31,1928-04-02,USA,US,Germantown PA,USA,US,Cambridge MA,Male,1914,Chemistry,,1,"""in recognition of his accurate determinations of the atomic weight of a large number of chemical elements""",Harvard University,Cambridge MA,USA,1868,46,1910,in recognition of his accurate determinations of the atomic weight of a large number of chemical elements
176,Richard,Willstätter,1872-08-13,1942-08-03,Germany,DE,Karlsruhe,Switzerland,CH,Locarno,Male,1915,Chemistry,,1,"""for his researches on plant pigments especially chlorophyll""",Kaiser-Wilhelm-Institut (now Max-Planck Institut) für Chemie,Berlin-Dahlem,Germany,1872,43,1910,for his researches on plant pigments especially chlorophyll
177,Fritz,Haber,1868-12-09,1934-01-29,Prussia (now Poland),PL,Breslau (now Wroclaw),Switzerland,CH,Basel,Male,1918,Chemistry,,1,"""for the synthesis of ammonia from its elements""",Kaiser-Wilhelm-Institut (now Fritz-Haber-Institut) für physikalische Chemie und Electrochemie,Berlin-Dahlem,Germany,1868,50,1910,for the synthesis of ammonia from its elements
178,Walther,Nernst,1864-06-25,1941-11-18,Prussia (now Poland),PL,Briesen (now Wąbrzeźno),Germany,DE,Muskau,Male,1920,Chemistry,,1,"""in recognition of his work in thermochemistry""",Berlin University,Berlin,Germany,1864,56,1920,in recognition of his work in thermochemistry
179,Frederick,Soddy,1877-09-02,1956-09-22,United Kingdom,GB,Eastbourne,United Kingdom,GB,Brighton,Male,1921,Chemistry,,1,"""for his contributions to our knowledge of the chemistry of radioactive substances and his investigations into the origin and nature of isotopes""",University of Oxford,Oxford,United Kingdom,1877,44,1920,for his contributions to our knowledge of the chemistry of radioactive substances and his investigations into the origin and nature of isotopes
180,Francis W.,Aston,1877-09-01,1945-11-20,United Kingdom,GB,Harborne,United Kingdom,GB,Cambridge,Male,1922,Chemistry,,1,"""for his discovery by means of his mass spectrograph of isotopes in a large number of non-radioactive elements and for his enunciation of the whole-number rule""",University of Cambridge,Cambridge,United Kingdom,1877,45,1920,for his discovery by means of his mass spectrograph of isotopes in a large number of non radioactive elements and for his enunciation of the whole number rule
181,Fritz,Pregl,1869-09-03,1930-12-13,Austria-Hungary (now Slovenia),SI,Laibach (now Ljubljana),Austria,AT,Graz,Male,1923,Chemistry,,1,"""for his invention of the method of micro-analysis of organic substances""",Graz University,Graz,Austria,1869,54,1920,for his invention of the method of micro analysis of organic substances
182,Richard,Zsigmondy,1865-04-01,1929-09-24,Austrian Empire (now Austria),AT,Vienna,Germany,DE,Göttingen,Male,1925,Chemistry,,1,"""for his demonstration of the heterogenous nature of colloid solutions and for the methods he used which have since become fundamental in modern colloid chemistry""",Goettingen University,Göttingen,Germany,1865,60,1920,for his demonstration of the heterogenous nature of colloid solutions and for the methods he used which have since become fundamental in modern colloid chemistry
183,The,Svedberg,1884-08-30,1971-02-25,Sweden,SE,Fleräng,Sweden,SE,Örebro,Male,1926,Chemistry,,1,"""for his work on disperse systems""",Uppsala University,Uppsala,Sweden,1884,42,1920,for his work on disperse systems
184,Heinrich,Wieland,1877-06-04,1957-08-05,Germany,DE,Pforzheim,West Germany (now Germany),DE,Munich,Male,1927,Chemistry,,1,"""for his investigations of the constitution of the bile acids and related substances""",Munich University,Munich,Germany,1877,50,1920,for his investigations of the constitution of the bile acids and related substances
185,Adolf,Windaus,1876-12-25,1959-06-09,Germany,DE,Berlin,West Germany (now Germany),DE,Göttingen,Male,1928,Chemistry,,1,"""for the services rendered through his research into the constitution of the sterols and their connection with the vitamins""",Goettingen University,Göttingen,Germany,1876,52,1920,for the services rendered through his research into the constitution of the sterols and their connection with the vitamins
186,Arthur,Harden,1865-10-12,1940-06-17,United Kingdom,GB,Manchester,United Kingdom,GB,Bourne,Male,1929,Chemistry,,2,"""for their investigations on the fermentation of sugar and fermentative enzymes""",London University,London,United Kingdom,1865,64,1920,for their investigations on the fermentation of sugar and fermentative enzymes
187,Hans,von Euler-Chelpin,1873-02-15,1964-11-06,Germany,DE,Augsburg,Sweden,SE,Stockholm,Male,1929,Chemistry,,2,"""for their investigations on the fermentation of sugar and fermentative enzymes""",Stockholm University,Stockholm,Sweden,1873,56,1920,for their investigations on the fermentation of sugar and fermentative enzymes
188,Hans,Fischer,1881-07-27,1945-03-31,Germany,DE,Hoechst,Germany,DE,Munich,Male,1930,Chemistry,,1,"""for his researches into the constitution of haemin and chlorophyll and especially for his synthesis of haemin""",Technische Hochschule (Institute of Technology),Munich,Germany,1881,49,1930,for his researches into the constitution of haemin and chlorophyll and especially for his synthesis of haemin
189,Carl,Bosch,1874-08-27,1940-04-26,Germany,DE,Cologne,Germany,DE,Heidelberg,Male,1931,Chemistry,,2,"""in recognition of their contributions to the invention and development of chemical high pressure methods""",University of Heidelberg,Heidelberg,Germany,1874,57,1930,in recognition of their contributions to the invention and development of chemical high pressure methods
190,Friedrich,Bergius,1884-10-11,1949-03-30,Germany (now Poland),PL,Goldschmieden near Breslau,Argentina,AR,Buenos Aires,Male,1931,Chemistry,,2,"""in recognition of their contributions to the invention and development of chemical high pressure methods""",University of Heidelberg,Heidelberg,Germany,1884,47,1930,in recognition of their contributions to the invention and development of chemical high pressure methods
191,Irving,Langmuir,1881-01-31,1957-08-16,USA,US,Brooklyn NY,USA,US,Falmouth MA,Male,1932,Chemistry,,1,"""for his discoveries and investigations in surface chemistry""",General Electric Company,Schenectady NY,USA,1881,51,1930,for his discoveries and investigations in surface chemistry
192,Harold C.,Urey,1893-04-29,1981-01-05,USA,US,Walkerton IN,USA,US,La Jolla CA,Male,1934,Chemistry,,1,"""for his discovery of heavy hydrogen""",Columbia University,New York NY,USA,1893,41,1930,for his discovery of heavy hydrogen
193,Frédéric,Joliot,1900-03-19,1958-08-14,France,FR,Paris,France,FR,Paris,Male,1935,Chemistry,,2,"""in recognition of their synthesis of new radioactive elements""",Institut du Radium,Paris,France,1900,35,1930,in recognition of their synthesis of new radioactive elements
194,Irène,Joliot-Curie,1897-09-12,1956-03-17,France,FR,Paris,France,FR,Paris,Female,1935,Chemistry,,2,"""in recognition of their synthesis of new radioactive elements""",Institut du Radium,Paris,France,1897,38,1930,in recognition of their synthesis of new radioactive elements
195,Peter,Debye,1884-03-24,1966-11-02,the Netherlands,NL,Maastricht,USA,US,Ithaca NY,Male,1936,Chemistry,,1,"""for his contributions to our knowledge of molecular structure through his investigations on dipole moments and on the diffraction of X-rays and electrons in gases""",Berlin University,Berlin,Germany,1884,52,1930,for his contributions to our knowledge of molecular structure through his investigations on dipole moments and on the diffraction of x rays and electrons in gases
196,Norman,Haworth,1883-03-19,1950-03-19,United Kingdom,GB,Chorley,United Kingdom,GB,Birmingham,Male,1937,Chemistry,,2,"""for his investigations on carbohydrates and vitamin C""",Birmingham University,Birmingham,United Kingdom,1883,54,1930,for his investigations on carbohydrates and vitamin c
197,Paul,Karrer,1889-04-21,1971-06-18,Russia,RU,Moscow,Switzerland,CH,Zurich,Male,1937,Chemistry,,2,"""for his investigations on carotenoids flavins and vitamins A and B2""",University of Zurich,Zurich,Switzerland,1889,48,1930,for his investigations on carotenoids flavins and vitamins a and b2
198,Richard,Kuhn,1900-12-03,1967-07-31,Austria-Hungary (now Austria),AT,Vienna,West Germany (now Germany),DE,Heidelberg,Male,1938,Chemistry,,1,"""for his work on carotenoids and vitamins""",Kaiser-Wilhelm-Institut (now Max-Planck Institut) für Medizinische Forschung,Heidelberg,Germany,1900,38,1930,for his work on carotenoids and vitamins
199,Adolf,Butenandt,1903-03-24,1995-01-18,Germany,DE,Bremerhaven-Lehe,Germany,DE,Munich,Male,1939,Chemistry,,2,"""for his work on sex hormones""",Kaiser-Wilhelm-Institut (now Max-Planck-Institut) für Biochemie,Berlin-Dahlem,Germany,1903,36,1930,for his work on sex hormones
200,Leopold,Ruzicka,1887-09-13,1976-09-26,Austria-Hungary (now Croatia),HR,Vukovar,Switzerland,CH,Zurich,Male,1939,Chemistry,,2,"""for his work on polymethylenes and higher terpenes""",Eidgenössische Technische Hochschule (Swiss Federal Institute of Technology),Zurich,Switzerland,1887,52,1930,for his work on polymethylenes and higher terpenes
201,George,de Hevesy,1885-08-01,1966-07-05,Austria-Hungary (now Hungary),HU,Budapest,West Germany (now Germany),DE,Freiburg im Breisgau,Male,1943,Chemistry,,1,"""for his work on the use of isotopes as tracers in the study of chemical processes""",Stockholm University,Stockholm,Sweden,1885,58,1940,for his work on the use of isotopes as tracers in the study of chemical processes
202,Otto,Hahn,1879-03-08,1968-07-28,Germany,DE,Frankfurt-on-the-Main,West Germany (now Germany),DE,Göttingen,Male,1944,Chemistry,,1,"""for his discovery of the fission of heavy nuclei""",Kaiser-Wilhelm-Institut (now Max-Planck Institut) für Chemie,Berlin-Dahlem,Germany,1879,65,1940,for his discovery of the fission of heavy nuclei
203,Artturi,Virtanen,1895-01-15,1973-11-11,Russian Empire (now Finland),FI,Helsinki,Finland,FI,Helsinki,Male,1945,Chemistry,,1,"""for his research and inventions in agricultural and nutrition chemistry especially for his fodder preservation method""",University of Helsinki,Helsinki,Finland,1895,50,1940,for his research and inventions in agricultural and nutrition chemistry especially for his fodder preservation method
204,James B.,Sumner,1887-11-19,1955-08-12,USA,US,Canton MA,USA,US,Buffalo NY,Male,1946,Chemistry,,2,"""for his discovery that enzymes can be crystallized""",Cornell University,Ithaca NY,USA,1887,59,1940,for his discovery that enzymes can be crystallized
205,John H.,Northrop,1891-07-05,1987-05-27,USA,US,Yonkers NY,USA,US,Wickenberg AZ,Male,1946,Chemistry,,4,"""for their preparation of enzymes and virus proteins in a pure form""",Rockefeller Institute for Medical Research,Princeton NJ,USA,1891,55,1940,for their preparation of enzymes and virus proteins in a pure form
206,Wendell M.,Stanley,1904-08-16,1971-06-15,USA,US,Ridgeville IN,Spain,ES,Salamanca,Male,1946,Chemistry,,4,"""for their preparation of enzymes and virus proteins in a pure form""",Rockefeller Institute for Medical Research,Princeton NJ,USA,1904,42,1940,for their preparation of enzymes and virus proteins in a pure form
207,Sir Robert,Robinson,1886-09-13,1975-02-08,United Kingdom,GB,Rufford near Chesterfield,United Kingdom,GB,Great Missenden,Male,1947,Chemistry,,1,"""for his investigations on plant products of biological importance especially the alkaloids""",University of Oxford,Oxford,United Kingdom,1886,61,1940,for his investigations on plant products of biological importance especially the alkaloids
208,Arne,Tiselius,1902-08-10,1971-10-29,Sweden,SE,Stockholm,Sweden,SE,Uppsala,Male,1948,Chemistry,,1,"""for his research on electrophoresis and adsorption analysis especially for his discoveries concerning the complex nature of the serum proteins""",Uppsala University,Uppsala,Sweden,1902,46,1940,for his research on electrophoresis and adsorption analysis especially for his discoveries concerning the complex nature of the serum proteins
209,William F.,Giauque,1895-05-12,1982-03-28,Canada,CA,Niagara Falls,USA,US,Berkeley CA,Male,1949,Chemistry,,1,"""for his contributions in the field of chemical thermodynamics particularly concerning the behaviour of substances at extremely low temperatures""",University of California,Berkeley CA,USA,1895,54,1940,for his contributions in the field of chemical thermodynamics particularly concerning the behaviour of substances at extremely low temperatures
210,Otto,Diels,1876-01-23,1954-03-07,Germany,DE,Hamburg,West Germany (now Germany),DE,Kiel,Male,1950,Chemistry,,2,"""for their discovery and development of the diene synthesis""",Kiel University,Kiel,Germany,1876,74,1950,for their discovery and development of the diene synthesis
211,Kurt,Alder,1902-07-10,1958-06-20,Prussia (now Poland),PL,Königshütte (now Chorzów),West Germany (now Germany),DE,Cologne,Male,1950,Chemistry,,2,"""for their discovery and development of the diene synthesis""",Cologne University,Cologne,Germany,1902,48,1950,for their discovery and development of the diene synthesis
212,Edwin M.,McMillan,1907-09-18,1991-09-07,USA,US,Redondo Beach CA,USA,US,El Cerrito CA,Male,1951,Chemistry,,2,"""for their discoveries in the chemistry of the transuranium elements""",University of California,Berkeley CA,USA,1907,44,1950,for their discoveries in the chemistry of the transuranium elements
213,Glenn T.,Seaborg,1912-04-19,1999-02-25,USA,US,Ishpeming MI,USA,US,Lafayette CA,Male,1951,Chemistry,,2,"""for their discoveries in the chemistry of the transuranium elements""",University of California,Berkeley CA,USA,1912,39,1950,for their discoveries in the chemistry of the transuranium elements
214,Archer J.P.,Martin,1910-03-01,2002-07-28,United Kingdom,GB,London,United Kingdom,GB,Llangarron,Male,1952,Chemistry,,2,"""for their invention of partition chromatography""",National Institute for Medical Research,London,United Kingdom,1910,42,1950,for their invention of partition chromatography
215,Richard L.M.,Synge,1914-10-28,1994-08-18,United Kingdom,GB,Liverpool,United Kingdom,GB,Norwich,Male,1952,Chemistry,,2,"""for their invention of partition chromatography""",Rowett Research Institute,Bucksburn (Scotland),United Kingdom,1914,38,1950,for their invention of partition chromatography
216,Hermann,Staudinger,1881-03-23,1965-09-08,Germany,DE,Worms,West Germany (now Germany),DE,Freiburg im Breisgau,Male,1953,Chemistry,,1,"""for his discoveries in the field of macromolecular chemistry""",University of Freiburg,Breisgau,Germany,1881,72,1950,for his discoveries in the field of macromolecular chemistry
217,Linus,Pauling,1901-02-28,1994-08-19,USA,US,Portland OR,USA,US,Big Sur CA,Male,1962,Peace,,1,"""for his fight against the nuclear arms race between East and West""",California Institute of Technology (Caltech),Pasadena CA,USA,1901,61,1960,for his fight against the nuclear arms race between east and west
217,Linus,Pauling,1901-02-28,1994-08-19,USA,US,Portland OR,USA,US,Big Sur CA,Male,1954,Chemistry,,1,"""for his research into the nature of the chemical bond and its application to the elucidation of the structure of complex substances""",California Institute of Technology (Caltech),Pasadena CA,USA,1901,53,1950,for his research into the nature of the chemical bond and its application to the elucidation of the structure of complex substances
218,Vincent,du Vigneaud,1901-05-18,1978-12-11,USA,US,Chicago IL,USA,US,White Plains NY,Male,1955,Chemistry,,1,"""for his work on biochemically important sulphur compounds especially for the first synthesis of a polypeptide hormone""",Cornell University,Ithaca NY,USA,1901,54,1950,for his work on biochemically important sulphur compounds especially for the first synthesis of a polypeptide hormone
219,Sir Cyril,Hinshelwood,1897-05-19,1967-10-09,United Kingdom,GB,London,United Kingdom,GB,London,Male,1956,Chemistry,,2,"""for their researches into the mechanism of chemical reactions""",University of Oxford,Oxford,United Kingdom,1897,59,1950,for their researches into the mechanism of chemical reactions
220,Nikolay,Semenov,1896-04-03,1986-09-25,Russia,RU,Saratov,USSR (now Russia),RU,Moscow,Male,1956,Chemistry,,2,"""for their researches into the mechanism of chemical reactions""",Institute for Chemical Physics of the Academy of Sciences of the USSR,Moscow,USSR (now Russia),1896,60,1950,for their researches into the mechanism of chemical reactions
221,Lord,Todd,1907-10-02,1997-01-10,Scotland,GB,Glasgow,United Kingdom,GB,Cambridge,Male,1957,Chemistry,,1,"""for his work on nucleotides and nucleotide co-enzymes""",University of Cambridge,Cambridge,United Kingdom,1907,50,1950,for his work on nucleotides and nucleotide co enzymes
222,Frederick,Sanger,1918-08-13,2013-11-19,United Kingdom,GB,Rendcombe,United Kingdom,GB,Cambridge,Male,1958,Chemistry,,1,"""for his work on the structure of proteins especially that of insulin""",University of Cambridge,Cambridge,United Kingdom,1918,40,1950,for his work on the structure of proteins especially that of insulin
222,Frederick,Sanger,1918-08-13,2013-11-19,United Kingdom,GB,Rendcombe,United Kingdom,GB,Cambridge,Male,1980,Chemistry,,4,"""for their contributions concerning the determination of base sequences in nucleic acids""",MRC Laboratory of Molecular Biology,Cambridge,United Kingdom,1918,62,1980,for their contributions concerning the determination of base sequences in nucleic acids
223,Jaroslav,Heyrovsky,1890-12-20,1967-03-27,Austria-Hungary (now Czech Republic),CZ,Prague,Czechoslovakia (now Czech Republic),CZ,Prague,Male,1959,Chemistry,,1,"""for his discovery and development of the polarographic methods of analysis""",Polarographic Institute of the Czechoslovak Academy of Science,Prague,Czechoslovakia (now Czech Republic),1890,69,1950,for his discovery and development of the polarographic methods of analysis
224,Willard F.,Libby,1908-12-17,1980-09-08,USA,US,Grand Valley CO,USA,US,Los Angeles CA,Male,1960,Chemistry,,1,"""for his method to use carbon-14 for age determination in archaeology geology geophysics and other branches of science""",University of California,Los Angeles CA,USA,1908,52,1960,for his method to use carbon 14 for age determination in archaeology geology geophysics and other branches of science
225,Melvin,Calvin,1911-04-08,1997-01-08,USA,US,St. Paul MN,USA,US,Berkeley CA,Male,1961,Chemistry,,1,"""for his research on the carbon dioxide assimilation in plants""",University of California,Berkeley CA,USA,1911,50,1960,for his research on the carbon dioxide assimilation in plants
226,Max F.,Perutz,1914-05-19,2002-02-06,Austria,AT,Vienna,United Kingdom,GB,Cambridge,Male,1962,Chemistry,,2,"""for their studies of the structures of globular proteins""",MRC Laboratory of Molecular Biology,Cambridge,United Kingdom,1914,48,1960,for their studies of the structures of globular proteins
227,John C.,Kendrew,1917-03-24,1997-08-23,United Kingdom,GB,Oxford,United Kingdom,GB,Cambridge,Male,1962,Chemistry,,2,"""for their studies of the structures of globular proteins""",MRC Laboratory of Molecular Biology,Cambridge,United Kingdom,1917,45,1960,for their studies of the structures of globular proteins
228,Karl,Ziegler,1898-11-26,1973-08-12,Germany,DE,Helsa,West Germany (now Germany),DE,Mülheim,Male,1963,Chemistry,,2,"""for their discoveries in the field of the chemistry and technology of high polymers""",Max-Planck-Institut für Kohlenforschung,Mülheim an der Ruhr,Germany,1898,65,1960,for their discoveries in the field of the chemistry and technology of high polymers
229,Giulio,Natta,1903-02-26,1979-05-02,Italy,IT,Imperia,Italy,IT,Bergamo,Male,1963,Chemistry,,2,"""for their discoveries in the field of the chemistry and technology of high polymers""",Institute of Technology,Milan,Italy,1903,60,1960,for their discoveries in the field of the chemistry and technology of high polymers
230,Dorothy Crowfoot,Hodgkin,1910-05-12,1994-07-29,Egypt,EG,Cairo,United Kingdom,GB,Shipston-on-Stour,Female,1964,Chemistry,,1,"""for her determinations by X-ray techniques of the structures of important biochemical substances""",University of Oxford Royal Society,Oxford,United Kingdom,1910,54,1960,for her determinations by x ray techniques of the structures of important biochemical substances
231,Robert B.,Woodward,1917-04-10,1979-07-08,USA,US,Boston MA,USA,US,Cambridge MA,Male,1965,Chemistry,,1,"""for his outstanding achievements in the art of organic synthesis""",Harvard University,Cambridge MA,USA,1917,48,1960,for his outstanding achievements in the art of organic synthesis
232,Robert S.,Mulliken,1896-06-07,1986-10-31,USA,US,Newburyport MA,USA,US,Arlington VA,Male,1966,Chemistry,,1,"""for his fundamental work concerning chemical bonds and the electronic structure of molecules by the molecular orbital method""",University of Chicago,Chicago IL,USA,1896,70,1960,for his fundamental work concerning chemical bonds and the electronic structure of molecules by the molecular orbital method
233,Manfred,Eigen,1927-05-09,2019-02-06,Germany,DE,Bochum,Germany,DE,Göttingen,Male,1967,Chemistry,,2,"""for their studies of extremely fast chemical reactions effected by disturbing the equilibrium by means of very short pulses of energy""",Max-Planck-Institut für Physikalische Chemie,Göttingen,Germany,1927,40,1960,for their studies of extremely fast chemical reactions effected by disturbing the equilibrium by means of very short pulses of energy
234,Ronald G.W.,Norrish,1897-11-09,1978-06-07,United Kingdom,GB,Cambridge,United Kingdom,GB,Cambridge,Male,1967,Chemistry,,4,"""for their studies of extremely fast chemical reactions effected by disturbing the equilibrium by means of very short pulses of energy""",Institute of Physical Chemistry,Cambridge,United Kingdom,1897,70,1960,for their studies of extremely fast chemical reactions effected by disturbing the equilibrium by means of very short pulses of energy
235,George,Porter,1920-12-06,2002-08-31,United Kingdom,GB,Stainforth,United Kingdom,GB,Canterbury,Male,1967,Chemistry,,4,"""for their studies of extremely fast chemical reactions effected by disturbing the equilibrium by means of very short pulses of energy""",Royal Institution of Great Britain,London,United Kingdom,1920,47,1960,for their studies of extremely fast chemical reactions effected by disturbing the equilibrium by means of very short pulses of energy
236,Lars,Onsager,1903-11-27,1976-10-05,Norway,NO,Kristiania (now Oslo),USA,US,Coral Gables FL,Male,1968,Chemistry,,1,"""for the discovery of the reciprocal relations bearing his name which are fundamental for the thermodynamics of irreversible processes""",Yale University,New Haven CT,USA,1903,65,1960,for the discovery of the reciprocal relations bearing his name which are fundamental for the thermodynamics of irreversible processes
237,Derek,Barton,1918-09-08,1998-03-16,United Kingdom,GB,Gravesend,USA,US,College Station TX,Male,1969,Chemistry,,2,"""for their contributions to the development of the concept of conformation and its application in chemistry""",Imperial College,London,United Kingdom,1918,51,1960,for their contributions to the development of the concept of conformation and its application in chemistry
238,Odd,Hassel,1897-05-17,1981-05-11,Norway,NO,Kristiania (now Oslo),Norway,NO,Oslo,Male,1969,Chemistry,,2,"""for their contributions to the development of the concept of conformation and its application in chemistry""",University of Oslo,Oslo,Norway,1897,72,1960,for their contributions to the development of the concept of conformation and its application in chemistry
239,Luis,Leloir,1906-09-06,1987-12-02,France,FR,Paris,Argentina,AR,Buenos Aires,Male,1970,Chemistry,,1,"""for his discovery of sugar nucleotides and their role in the biosynthesis of carbohydrates""",Institute for Biochemical Research,Buenos Aires,Argentina,1906,64,1970,for his discovery of sugar nucleotides and their role in the biosynthesis of carbohydrates
240,Gerhard,Herzberg,1904-12-25,1999-03-03,Germany,DE,Hamburg,Canada,CA,Ottawa,Male,1971,Chemistry,,1,"""for his contributions to the knowledge of electronic structure and geometry of molecules particularly free radicals""",National Research Council of Canada,Ottawa,Canada,1904,67,1970,for his contributions to the knowledge of electronic structure and geometry of molecules particularly free radicals
241,Christian,Anfinsen,1916-03-26,1995-05-14,USA,US,Monessen PA,USA,US,Randallstown MD,Male,1972,Chemistry,,2,"""for his work on ribonuclease especially concerning the connection between the amino acid sequence and the biologically active conformation""",National Institutes of Health,Bethesda MD,USA,1916,56,1970,for his work on ribonuclease especially concerning the connection between the amino acid sequence and the biologically active conformation
242,Stanford,Moore,1913-09-04,1982-08-23,USA,US,Chicago IL,USA,US,New York NY,Male,1972,Chemistry,,4,"""for their contribution to the understanding of the connection between chemical structure and catalytic activity of the active centre of the ribonuclease molecule""",Rockefeller University,New York NY,USA,1913,59,1970,for their contribution to the understanding of the connection between chemical structure and catalytic activity of the active centre of the ribonuclease molecule
243,William H.,Stein,1911-06-25,1980-02-02,USA,US,New York NY,USA,US,New York NY,Male,1972,Chemistry,,4,"""for their contribution to the understanding of the connection between chemical structure and catalytic activity of the active centre of the ribonuclease molecule""",Rockefeller University,New York NY,USA,1911,61,1970,for their contribution to the understanding of the connection between chemical structure and catalytic activity of the active centre of the ribonuclease molecule
244,Ernst Otto,Fischer,1918-11-10,2007-07-23,Germany,DE,Munich,Germany,DE,Munich,Male,1973,Chemistry,,2,"""for their pioneering work performed independently on the chemistry of the organometallic so called sandwich compounds""",Technical University,Munich,Germany,1918,55,1970,for their pioneering work performed independently on the chemistry of the organometallic so called sandwich compounds
245,Geoffrey,Wilkinson,1921-07-14,1996-09-26,United Kingdom,GB,Todmorden,United Kingdom,GB,London,Male,1973,Chemistry,,2,"""for their pioneering work performed independently on the chemistry of the organometallic so called sandwich compounds""",Imperial College,London,United Kingdom,1921,52,1970,for their pioneering work performed independently on the chemistry of the organometallic so called sandwich compounds
246,Paul J.,Flory,1910-06-19,1985-09-08,USA,US,Sterling IL,USA,US,Big Sur CA,Male,1974,Chemistry,,1,"""for his fundamental achievements both theoretical and experimental in the physical chemistry of the macromolecules""",Stanford University,Stanford CA,USA,1910,64,1970,for his fundamental achievements both theoretical and experimental in the physical chemistry of the macromolecules
247,John,Cornforth,1917-09-07,2013-12-08,Australia,AU,Sydney,,,,Male,1975,Chemistry,,2,"""for his work on the stereochemistry of enzyme-catalyzed reactions""",University of Sussex,Brighton,United Kingdom,1917,58,1970,for his work on the stereochemistry of enzyme catalyzed reactions
248,Vladimir,Prelog,1906-07-23,1998-01-07,Austria-Hungary (now Bosnia and Herzegovina),BA,Sarajevo,Switzerland,CH,Zurich,Male,1975,Chemistry,,2,"""for his research into the stereochemistry of organic molecules and reactions""",Eidgenössische Technische Hochschule (Swiss Federal Institute of Technology),Zurich,Switzerland,1906,69,1970,for his research into the stereochemistry of organic molecules and reactions
249,William,Lipscomb,1919-12-09,2011-04-14,USA,US,Cleveland OH,USA,US,Cambridge MA,Male,1976,Chemistry,,1,"""for his studies on the structure of boranes illuminating problems of chemical bonding""",Harvard University,Cambridge MA,USA,1919,57,1970,for his studies on the structure of boranes illuminating problems of chemical bonding
250,Ilya,Prigogine,1917-01-25,2003-05-28,Russia,RU,Moscow,Belgium,BE,Brussels,Male,1977,Chemistry,,1,"""for his contributions to non-equilibrium thermodynamics particularly the theory of dissipative structures""",Université Libre de Bruxelles,Brussels,Belgium,1917,60,1970,for his contributions to non equilibrium thermodynamics particularly the theory of dissipative structures
251,Peter,Mitchell,1920-09-29,1992-04-10,United Kingdom,GB,Mitcham,United Kingdom,GB,Bodmin,Male,1978,Chemistry,,1,"""for his contribution to the understanding of biological energy transfer through the formulation of the chemiosmotic theory""",Glynn Research Laboratories,Bodmin,United Kingdom,1920,58,1970,for his contribution to the understanding of biological energy transfer through the formulation of the chemiosmotic theory
252,Herbert C.,Brown,1912-05-22,2004-12-19,United Kingdom,GB,London,USA,US,Lafayette IN,Male,1979,Chemistry,,2,"""for their development of the use of boron- and phosphorus-containing compounds respectively into important reagents in organic synthesis""",Purdue University,West Lafayette IN,USA,1912,67,1970,for their development of the use of boron and phosphorus containing compounds respectively into important reagents in organic synthesis
253,Georg,Wittig,1897-06-16,1987-08-26,Germany,DE,Berlin,West Germany (now Germany),DE,Heidelberg,Male,1979,Chemistry,,2,"""for their development of the use of boron- and phosphorus-containing compounds respectively into important reagents in organic synthesis""",University of Heidelberg,Heidelberg,Germany,1897,82,1970,for their development of the use of boron and phosphorus containing compounds respectively into important reagents in organic synthesis
254,Paul,Berg,1926-06-30,2023-02-15,USA,US,New York NY,USA,US,Stanford CA,Male,1980,Chemistry,,2,"""for his fundamental studies of the biochemistry of nucleic acids with particular regard to recombinant-DNA""",Stanford University,Stanford CA,USA,1926,54,1980,for his fundamental studies of the biochemistry of nucleic acids with particular regard to recombinant dna
255,Walter,Gilbert,1932-03-21,,USA,US,Boston MA,,,,Male,1980,Chemistry,,4,"""for their contributions concerning the determination of base sequences in nucleic acids""",Harvard University Biological Laboratories,Cambridge MA,USA,1932,48,1980,for their contributions concerning the determination of base sequences in nucleic acids
257,Kenichi,Fukui,1918-10-04,1998-01-09,Japan,JP,Nara,Japan,JP,Kyoto,Male,1981,Chemistry,,2,"""for their theories developed independently concerning the course of chemical reactions""",Kyoto University,Kyoto,Japan,1918,63,1980,for their theories developed independently concerning the course of chemical reactions
258,Roald,Hoffmann,1937-07-18,,Poland (now Ukraine),UA,Zloczov,,,,Male,1981,Chemistry,,2,"""for their theories developed independently concerning the course of chemical reactions""",Cornell University,Ithaca NY,USA,1937,44,1980,for their theories developed independently concerning the course of chemical reactions
259,Aaron,Klug,1926-08-11,2018-11-20,Lithuania,LT,Zelvas,,,,Male,1982,Chemistry,,1,"""for his development of crystallographic electron microscopy and his structural elucidation of biologically important nucleic acid-protein complexes""",MRC Laboratory of Molecular Biology,Cambridge,United Kingdom,1926,56,1980,for his development of crystallographic electron microscopy and his structural elucidation of biologically important nucleic acid protein complexes
260,Henry,Taube,1915-11-30,2005-11-16,Canada,CA,Neudorf,USA,US,Stanford CA,Male,1983,Chemistry,,1,"""for his work on the mechanisms of electron transfer reactions especially in metal complexes""",Stanford University,Stanford CA,USA,1915,68,1980,for his work on the mechanisms of electron transfer reactions especially in metal complexes
261,Bruce,Merrifield,1921-07-15,2006-05-14,USA,US,Fort Worth TX,USA,US,Cresskill NJ,Male,1984,Chemistry,,1,"""for his development of methodology for chemical synthesis on a solid matrix""",Rockefeller University,New York NY,USA,1921,63,1980,for his development of methodology for chemical synthesis on a solid matrix
262,Herbert A.,Hauptman,1917-02-14,2011-10-23,USA,US,New York NY,USA,US,Buffalo NY,Male,1985,Chemistry,,2,"""for their outstanding achievements in the development of direct methods for the determination of crystal structures""",The Medical Foundation of Buffalo,Buffalo NY,USA,1917,68,1980,for their outstanding achievements in the development of direct methods for the determination of crystal structures
263,Jerome,Karle,1918-06-18,2013-06-06,USA,US,New York NY,USA,US,Annandale VA,Male,1985,Chemistry,,2,"""for their outstanding achievements in the development of direct methods for the determination of crystal structures""",US Naval Research Laboratory,Washington D.C.,USA,1918,67,1980,for their outstanding achievements in the development of direct methods for the determination of crystal structures
264,Dudley R.,Herschbach,1932-06-18,,USA,US,San José CA,,,,Male,1986,Chemistry,,3,"""for their contributions concerning the dynamics of chemical elementary processes""",Harvard University,Cambridge MA,USA,1932,54,1980,for their contributions concerning the dynamics of chemical elementary processes
265,Yuan T.,Lee,1936-11-19,,Taiwan,TW,Hsinchu,,,,Male,1986,Chemistry,,3,"""for their contributions concerning the dynamics of chemical elementary processes""",University of California,Berkeley CA,USA,1936,50,1980,for their contributions concerning the dynamics of chemical elementary processes
266,John C.,Polanyi,1929-01-23,,Germany,DE,Berlin,,,,Male,1986,Chemistry,,3,"""for their contributions concerning the dynamics of chemical elementary processes""",University of Toronto,Toronto,Canada,1929,57,1980,for their contributions concerning the dynamics of chemical elementary processes
267,Donald J.,Cram,1919-04-22,2001-06-17,USA,US,Chester VT,USA,US,Palm Desert CA,Male,1987,Chemistry,,3,"""for their development and use of molecules with structure-specific interactions of high selectivity""",University of California,Los Angeles CA,USA,1919,68,1980,for their development and use of molecules with structure specific interactions of high selectivity
268,Jean-Marie,Lehn,1939-09-30,,France,FR,Rosheim,,,,Male,1987,Chemistry,,3,"""for their development and use of molecules with structure-specific interactions of high selectivity""",Université Louis Pasteur,Strasbourg,France,1939,48,1980,for their development and use of molecules with structure specific interactions of high selectivity
269,Charles J.,Pedersen,1904-10-03,1989-10-26,Korea (now South Korea),KR,Pusan,USA,US,Salem NJ,Male,1987,Chemistry,,3,"""for their development and use of molecules with structure-specific interactions of high selectivity""",Du Pont,Wilmington DE,USA,1904,83,1980,for their development and use of molecules with structure specific interactions of high selectivity
270,Johann,Deisenhofer,1943-09-30,,Germany,DE,Zusamaltheim,,,,Male,1988,Chemistry,,3,"""for the determination of the three-dimensional structure of a photosynthetic reaction centre""",University of Texas Southwestern Medical Center at Dallas,Dallas TX,USA,1943,45,1980,for the determination of the three dimensional structure of a photosynthetic reaction centre
271,Robert,Huber,1937-02-20,,Germany,DE,Munich,,,,Male,1988,Chemistry,,3,"""for the determination of the three-dimensional structure of a photosynthetic reaction centre""",Max-Planck-Institut für Biochemie,Martinsried,Germany,1937,51,1980,for the determination of the three dimensional structure of a photosynthetic reaction centre
272,Hartmut,Michel,1948-07-18,,West Germany (now Germany),DE,Ludwigsburg,,,,Male,1988,Chemistry,,3,"""for the determination of the three-dimensional structure of a photosynthetic reaction centre""",Max-Planck-Institut für Biophysik,Frankfurt-on-the-Main,Germany,1948,40,1980,for the determination of the three dimensional structure of a photosynthetic reaction centre
273,Sidney,Altman,1939-05-07,2022-04-05,Canada,CA,Montreal,USA,US,Rockleigh NJ,Male,1989,Chemistry,,2,"""for their discovery of catalytic properties of RNA""",Yale University,New Haven CT,USA,1939,50,1980,for their discovery of catalytic properties of rna
274,Thomas R.,Cech,1947-12-08,,USA,US,Chicago IL,,,,Male,1989,Chemistry,,2,"""for their discovery of catalytic properties of RNA""",University of Colorado,Boulder CO,USA,1947,42,1980,for their discovery of catalytic properties of rna
275,Elias James,Corey,1928-07-12,,USA,US,Methuen MA,,,,Male,1990,Chemistry,,1,"""for his development of the theory and methodology of organic synthesis""",Harvard University,Cambridge MA,USA,1928,62,1990,for his development of the theory and methodology of organic synthesis
276,Richard R.,Ernst,1933-08-14,2021-06-04,Switzerland,CH,Winterthur,Switzerland,CH,Winterthur,Male,1991,Chemistry,,1,"""for his contributions to the development of the methodology of high resolution nuclear magnetic resonance (NMR) spectroscopy""",Eidgenössische Technische Hochschule (Swiss Federal Institute of Technology),Zurich,Switzerland,1933,58,1990,for his contributions to the development of the methodology of high resolution nuclear magnetic resonance nmr spectroscopy
277,Rudolph A.,Marcus,1923-07-21,,Canada,CA,Montreal,,,,Male,1992,Chemistry,,1,"""for his contributions to the theory of electron transfer reactions in chemical systems""",California Institute of Technology (Caltech),Pasadena CA,USA,1923,69,1990,for his contributions to the theory of electron transfer reactions in chemical systems
278,Kary B.,Mullis,1944-12-28,2019-08-07,USA,US,Lenoir NC,USA,US,Newport Beach CA,Male,1993,Chemistry,"""for contributions to the developments of methods within DNA-based chemistry""",2,"""for his invention of the polymerase chain reaction (PCR) method""",,,,1944,49,1990,for his invention of the polymerase chain reaction pcr method
279,Michael,Smith,1932-04-26,2000-10-04,United Kingdom,GB,Blackpool,Canada,CA,Vancouver,Male,1993,Chemistry,"""for contributions to the developments of methods within DNA-based chemistry""",2,"""for his fundamental contributions to the establishment of oligonucleotide-based site-directed mutagenesis and its development for protein studies""",University of British Columbia,Vancouver,Canada,1932,61,1990,for his fundamental contributions to the establishment of oligonucleotide based site directed mutagenesis and its development for protein studies
280,George A.,Olah,1927-05-22,2017-03-08,Hungary,HU,Budapest,USA,US,Los Angeles CA,Male,1994,Chemistry,,1,"""for his contribution to carbocation chemistry""",University of Southern California,Los Angeles CA,USA,1927,67,1990,for his contribution to carbocation chemistry
281,Paul J.,Crutzen,1933-12-03,2021-01-28,the Netherlands,NL,Amsterdam,Germany,DE,Mainz,Male,1995,Chemistry,,3,"""for their work in atmospheric chemistry particularly concerning the formation and decomposition of ozone""",Max-Planck-Institut für Chemie,Mainz,Germany,1933,62,1990,for their work in atmospheric chemistry particularly concerning the formation and decomposition of ozone
282,Mario J.,Molina,1943-03-19,2020-10-07,Mexico,MX,Mexico City,Mexico,MX,Mexico City,Male,1995,Chemistry,,3,"""for their work in atmospheric chemistry particularly concerning the formation and decomposition of ozone""",Massachusetts Institute of Technology (MIT),Cambridge MA,USA,1943,52,1990,for their work in atmospheric chemistry particularly concerning the formation and decomposition of ozone
283,F. Sherwood,Rowland,1927-06-28,2012-03-10,USA,US,Delaware OH,USA,US,Corona del Mar CA,Male,1995,Chemistry,,3,"""for their work in atmospheric chemistry particularly concerning the formation and decomposition of ozone""",University of California,Irvine CA,USA,1927,68,1990,for their work in atmospheric chemistry particularly concerning the formation and decomposition of ozone
284,Robert F.,Curl Jr.,1933-08-23,2022-07-03,USA,US,Alice TX,USA,US,Houston TX,Male,1996,Chemistry,,3,"""for their discovery of fullerenes""",Rice University,Houston TX,USA,1933,63,1990,for their discovery of fullerenes
285,Sir Harold,Kroto,1939-10-07,2016-04-30,United Kingdom,GB,Wisbech Cambridgeshire,United Kingdom,GB,Lewes East Sussex,Male,1996,Chemistry,,3,"""for their discovery of fullerenes""",University of Sussex,Brighton,United Kingdom,1939,57,1990,for their discovery of fullerenes
286,Richard E.,Smalley,1943-06-06,2005-10-28,USA,US,Akron OH,USA,US,Houston TX,Male,1996,Chemistry,,3,"""for their discovery of fullerenes""",Rice University,Houston TX,USA,1943,53,1990,for their discovery of fullerenes
287,Paul D.,Boyer,1918-07-31,2018-06-02,USA,US,Provo UT,USA,US,Los Angeles CA,Male,1997,Chemistry,,4,"""for their elucidation of the enzymatic mechanism underlying the synthesis of adenosine triphosphate (ATP)""",University of California,Los Angeles CA,USA,1918,79,1990,for their elucidation of the enzymatic mechanism underlying the synthesis of adenosine triphosphate atp
288,John E.,Walker,1941-01-07,,United Kingdom,GB,Halifax,,,,Male,1997,Chemistry,,4,"""for their elucidation of the enzymatic mechanism underlying the synthesis of adenosine triphosphate (ATP)""",MRC Laboratory of Molecular Biology,Cambridge,United Kingdom,1941,56,1990,for their elucidation of the enzymatic mechanism underlying the synthesis of adenosine triphosphate atp
289,Jens C.,Skou,1918-10-08,2018-05-28,Denmark,DK,Lemvig,Denmark,DK,Aarhus,Male,1997,Chemistry,,2,"""for the first discovery of an ion-transporting enzyme Na+ K+ -ATPase""",Aarhus University,Aarhus,Denmark,1918,79,1990,for the first discovery of an ion transporting enzyme na k atpase
290,Walter,Kohn,1923-03-09,2016-04-19,Austria,AT,Vienna,USA,US,Santa Barbara CA,Male,1998,Chemistry,,2,"""for his development of the density-functional theory""",University of California,Santa Barbara CA,USA,1923,75,1990,for his development of the density functional theory
291,John,Pople,1925-10-31,2004-03-15,United Kingdom,GB,Burnham-on-Sea,USA,US,Chicago IL,Male,1998,Chemistry,,2,"""for his development of computational methods in quantum chemistry""",Northwestern University,Evanston IL,USA,1925,73,1990,for his development of computational methods in quantum chemistry
292,Ahmed,Zewail,1946-02-26,2016-08-02,Egypt,EG,Damanhur,USA,US,Pasadena CA,Male,1999,Chemistry,,1,"""for his studies of the transition states of chemical reactions using femtosecond spectroscopy""",California Institute of Technology (Caltech),Pasadena CA,USA,1946,53,1990,for his studies of the transition states of chemical reactions using femtosecond spectroscopy
293,Emil,von Behring,1854-03-15,1917-03-31,Prussia (now Poland),PL,Hansdorf (now Lawice),Germany,DE,Marburg,Male,1901,Medicine,,1,"""for his work on serum therapy especially its application against diphtheria by which he has opened a new road in the domain of medical science and thereby placed in the hands of the physician a victorious weapon against illness and deaths""",Marburg University,Marburg,Germany,1854,47,1900,for his work on serum therapy especially its application against diphtheria by which he has opened a new road in the domain of medical science and thereby placed in the hands of the physician a victorious weapon against illness and deaths
294,Ronald,Ross,1857-05-13,1932-09-16,India,IN,Almora,United Kingdom,GB,Putney Heath,Male,1902,Medicine,,1,"""for his work on malaria by which he has shown how it enters the organism and thereby has laid the foundation for successful research on this disease and methods of combating it""",University College,Liverpool,United Kingdom,1857,45,1900,for his work on malaria by which he has shown how it enters the organism and thereby has laid the foundation for successful research on this disease and methods of combating it
295,Niels Ryberg,Finsen,1860-12-15,1904-09-24,Faroe Islands (Denmark),DK,Thorshavn,Denmark,DK,Copenhagen,Male,1903,Medicine,,1,"""in recognition of his contribution to the treatment of diseases especially lupus vulgaris with concentrated light radiation whereby he has opened a new avenue for medical science""",Finsen Medical Light Institute,Copenhagen,Denmark,1860,43,1900,in recognition of his contribution to the treatment of diseases especially lupus vulgaris with concentrated light radiation whereby he has opened a new avenue for medical science
296,Ivan,Pavlov,1849-09-14,1936-02-27,Russia,RU,Ryazan,Russia,RU,Leningrad,Male,1904,Medicine,,1,"""in recognition of his work on the physiology of digestion through which knowledge on vital aspects of the subject has been transformed and enlarged""",Military Medical Academy,St. Petersburg,Russia,1849,55,1900,in recognition of his work on the physiology of digestion through which knowledge on vital aspects of the subject has been transformed and enlarged
297,Robert,Koch,1843-12-11,1910-05-27,Germany,DE,Clausthal (now Clausthal-Zellerfeld),Germany,DE,Baden-Baden,Male,1905,Medicine,,1,"""for his investigations and discoveries in relation to tuberculosis""",Institute for Infectious Diseases,Berlin,Germany,1843,62,1900,for his investigations and discoveries in relation to tuberculosis
298,Camillo,Golgi,1843-07-07,1926-01-21,Italy,IT,Corteno,Italy,IT,Pavia,Male,1906,Medicine,,2,"""in recognition of their work on the structure of the nervous system""",Pavia University,Pavia,Italy,1843,63,1900,in recognition of their work on the structure of the nervous system
299,Santiago,Ramón y Cajal,1852-05-01,1934-10-17,Spain,ES,Petilla de Aragón,Spain,ES,Madrid,Male,1906,Medicine,,2,"""in recognition of their work on the structure of the nervous system""",Madrid University,Madrid,Spain,1852,54,1900,in recognition of their work on the structure of the nervous system
300,Alphonse,Laveran,1845-06-18,1922-05-18,France,FR,Paris,France,FR,Paris,Male,1907,Medicine,,1,"""in recognition of his work on the role played by protozoa in causing diseases""",Institut Pasteur,Paris,France,1845,62,1900,in recognition of his work on the role played by protozoa in causing diseases
301,Ilya,Mechnikov,1845-05-15,1916-07-15,Russian Empire (now Ukraine),UA,Kharkov (now Kharkiv),France,FR,Paris,Male,1908,Medicine,,2,"""in recognition of their work on immunity""",Institut Pasteur,Paris,France,1845,63,1900,in recognition of their work on immunity
302,Paul,Ehrlich,1854-03-14,1915-08-20,Prussia (now Poland),PL,Strehlen (now Strzelin),Germany,DE,Bad Homburg vor der Höhe,Male,1908,Medicine,,2,"""in recognition of their work on immunity""",Goettingen University,Göttingen,Germany,1854,54,1900,in recognition of their work on immunity
303,Theodor,Kocher,1841-08-25,1917-07-27,Switzerland,CH,Bern,Switzerland,CH,Bern,Male,1909,Medicine,,1,"""for his work on the physiology pathology and surgery of the thyroid gland""",Berne University,Bern,Switzerland,1841,68,1900,for his work on the physiology pathology and surgery of the thyroid gland
304,Albrecht,Kossel,1853-09-16,1927-07-05,Mecklenburg (now Germany),DE,Rostock,Germany,DE,Heidelberg,Male,1910,Medicine,,1,"""in recognition of the contributions to our knowledge of cell chemistry made through his work on proteins including the nucleic substances""",University of Heidelberg,Heidelberg,Germany,1853,57,1910,in recognition of the contributions to our knowledge of cell chemistry made through his work on proteins including the nucleic substances
305,Allvar,Gullstrand,1862-06-05,1930-07-28,Sweden,SE,Landskrona,Sweden,SE,Stockholm,Male,1911,Medicine,,1,"""for his work on the dioptrics of the eye""",Uppsala University,Uppsala,Sweden,1862,49,1910,for his work on the dioptrics of the eye
306,Alexis,Carrel,1873-06-28,1944-11-05,France,FR,Sainte-Foy-lès-Lyon,France,FR,Paris,Male,1912,Medicine,,1,"""in recognition of his work on vascular suture and the transplantation of blood vessels and organs""",Rockefeller Institute for Medical Research,New York NY,USA,1873,39,1910,in recognition of his work on vascular suture and the transplantation of blood vessels and organs
307,Charles,Richet,1850-08-26,1935-12-04,France,FR,Paris,France,FR,Paris,Male,1913,Medicine,,1,"""in recognition of his work on anaphylaxis""",Sorbonne University,Paris,France,1850,63,1910,in recognition of his work on anaphylaxis
308,Robert,Bárány,1876-04-22,1936-04-08,Austria,AT,Vienna,Sweden,SE,Uppsala,Male,1914,Medicine,,1,"""for his work on the physiology and pathology of the vestibular apparatus""",Vienna University,Vienna,Austria,1876,38,1910,for his work on the physiology and pathology of the vestibular apparatus
309,Jules,Bordet,1870-06-13,1961-04-06,Belgium,BE,Soignies,Belgium,BE,Brussels,Male,1919,Medicine,,1,"""for his discoveries relating to immunity""",Brussels University,Brussels,Belgium,1870,49,1910,for his discoveries relating to immunity
310,August,Krogh,1874-11-15,1949-09-13,Denmark,DK,Grenå,Denmark,DK,Copenhagen,Male,1920,Medicine,,1,"""for his discovery of the capillary motor regulating mechanism""",Copenhagen University,Copenhagen,Denmark,1874,46,1920,for his discovery of the capillary motor regulating mechanism
311,Archibald V.,Hill,1886-09-26,1977-06-03,United Kingdom,GB,Bristol,United Kingdom,GB,Cambridge,Male,1922,Medicine,,2,"""for his discovery relating to the production of heat in the muscle""",London University,London,United Kingdom,1886,36,1920,for his discovery relating to the production of heat in the muscle
312,Otto,Meyerhof,1884-04-12,1951-10-06,Germany,DE,Hanover,USA,US,Philadelphia PA,Male,1922,Medicine,,2,"""for his discovery of the fixed relationship between the consumption of oxygen and the metabolism of lactic acid in the muscle""",Kiel University,Kiel,Germany,1884,38,1920,for his discovery of the fixed relationship between the consumption of oxygen and the metabolism of lactic acid in the muscle
313,Frederick G.,Banting,1891-11-14,1941-02-21,Canada,CA,Alliston,Canada,CA,Newfoundland,Male,1923,Medicine,,2,"""for the discovery of insulin""",University of Toronto,Toronto,Canada,1891,32,1920,for the discovery of insulin
314,John,Macleod,1876-09-06,1935-03-16,Scotland,GB,Cluny,Scotland,GB,Aberdeen,Male,1923,Medicine,,2,"""for the discovery of insulin""",University of Toronto,Toronto,Canada,1876,47,1920,for the discovery of insulin
315,Willem,Einthoven,1860-05-21,1927-09-29,Java Dutch East Indies (now Indonesia),ID,Semarang,the Netherlands,NL,Leiden,Male,1924,Medicine,,1,"""for his discovery of the mechanism of the electrocardiogram""",Leiden University,Leiden,the Netherlands,1860,64,1920,for his discovery of the mechanism of the electrocardiogram
316,Johannes,Fibiger,1867-04-23,1928-01-30,Denmark,DK,Silkeborg,Denmark,DK,Copenhagen,Male,1926,Medicine,,1,"""for his discovery of the Spiroptera carcinoma""",Copenhagen University,Copenhagen,Denmark,1867,59,1920,for his discovery of the spiroptera carcinoma
317,Julius,Wagner-Jauregg,1857-03-07,1940-09-27,Austria,AT,Wels,Austria,AT,Vienna,Male,1927,Medicine,,1,"""for his discovery of the therapeutic value of malaria inoculation in the treatment of dementia paralytica""",Vienna University,Vienna,Austria,1857,70,1920,for his discovery of the therapeutic value of malaria inoculation in the treatment of dementia paralytica
318,Charles,Nicolle,1866-09-21,1936-02-28,France,FR,Rouen,Tunisia,TN,Tunis,Male,1928,Medicine,,1,"""for his work on typhus""",Institut Pasteur,Tunis,Tunisia,1866,62,1920,for his work on typhus
319,Christiaan,Eijkman,1858-08-11,1930-11-05,the Netherlands,NL,Nijkerk,the Netherlands,NL,Utrecht,Male,1929,Medicine,,2,"""for his discovery of the antineuritic vitamin""",Utrecht University,Utrecht,the Netherlands,1858,71,1920,for his discovery of the antineuritic vitamin
320,Sir Frederick,Hopkins,1861-06-20,1947-05-16,United Kingdom,GB,Eastbourne,United Kingdom,GB,Cambridge,Male,1929,Medicine,,2,"""for his discovery of the growth-stimulating vitamins""",University of Cambridge,Cambridge,United Kingdom,1861,68,1920,for his discovery of the growth stimulating vitamins
321,Karl,Landsteiner,1868-06-14,1943-06-26,Austrian Empire (now Austria),AT,Vienna,USA,US,New York NY,Male,1930,Medicine,,1,"""for his discovery of human blood groups""",Rockefeller Institute for Medical Research,New York NY,USA,1868,62,1930,for his discovery of human blood groups
322,Otto,Warburg,1883-10-08,1970-08-01,Germany,DE,Freiburg im Breisgau,West Germany (now Germany),DE,West Berlin,Male,1931,Medicine,,1,"""for his discovery of the nature and mode of action of the respiratory enzyme""",Kaiser-Wilhelm-Institut (now Max-Planck-Institut) für Biologie,Berlin-Dahlem,Germany,1883,48,1930,for his discovery of the nature and mode of action of the respiratory enzyme
323,Sir Charles,Sherrington,1857-11-27,1952-03-04,United Kingdom,GB,London,United Kingdom,GB,Eastbourne,Male,1932,Medicine,,2,"""for their discoveries regarding the functions of neurons""",University of Oxford,Oxford,United Kingdom,1857,75,1930,for their discoveries regarding the functions of neurons
324,Edgar,Adrian,1889-11-30,1977-08-08,United Kingdom,GB,London,United Kingdom,GB,Cambridge,Male,1932,Medicine,,2,"""for their discoveries regarding the functions of neurons""",University of Cambridge,Cambridge,United Kingdom,1889,43,1930,for their discoveries regarding the functions of neurons
325,Thomas H.,Morgan,1866-09-25,1945-12-04,USA,US,Lexington KY,USA,US,Pasadena CA,Male,1933,Medicine,,1,"""for his discoveries concerning the role played by the chromosome in heredity""",California Institute of Technology (Caltech),Pasadena CA,USA,1866,67,1930,for his discoveries concerning the role played by the chromosome in heredity
326,George H.,Whipple,1878-08-28,1976-02-01,USA,US,Ashland NH,USA,US,Rochester NY,Male,1934,Medicine,,3,"""for their discoveries concerning liver therapy in cases of anaemia""",University of Rochester,Rochester NY,USA,1878,56,1930,for their discoveries concerning liver therapy in cases of anaemia
327,George R.,Minot,1885-12-02,1950-02-25,USA,US,Boston MA,USA,US,Brookline MA,Male,1934,Medicine,,3,"""for their discoveries concerning liver therapy in cases of anaemia""",Harvard University,Cambridge MA,USA,1885,49,1930,for their discoveries concerning liver therapy in cases of anaemia
328,William P.,Murphy,1892-02-06,1987-10-09,USA,US,Stoughton WI,USA,US,Brookline MA,Male,1934,Medicine,,3,"""for their discoveries concerning liver therapy in cases of anaemia""",Harvard University,Cambridge MA,USA,1892,42,1930,for their discoveries concerning liver therapy in cases of anaemia
329,Hans,Spemann,1869-06-27,1941-09-12,Württemberg (now Germany),DE,Stuttgart,Germany,DE,Freiburg im Breisgau,Male,1935,Medicine,,1,"""for his discovery of the organizer effect in embryonic development""",University of Freiburg im Breisgau,Breisgau,Germany,1869,66,1930,for his discovery of the organizer effect in embryonic development
330,Sir Henry,Dale,1875-06-09,1968-07-23,United Kingdom,GB,London,United Kingdom,GB,Cambridge,Male,1936,Medicine,,2,"""for their discoveries relating to chemical transmission of nerve impulses""",National Institute for Medical Research,London,United Kingdom,1875,61,1930,for their discoveries relating to chemical transmission of nerve impulses
331,Otto,Loewi,1873-06-03,1961-12-25,Germany,DE,Frankfurt-on-the-Main,USA,US,New York NY,Male,1936,Medicine,,2,"""for their discoveries relating to chemical transmission of nerve impulses""",Graz University,Graz,Austria,1873,63,1930,for their discoveries relating to chemical transmission of nerve impulses
332,Albert,Szent-Györgyi,1893-09-16,1986-10-22,Austria-Hungary (now Hungary),HU,Budapest,USA,US,Woods Hole MA,Male,1937,Medicine,,1,"""for his discoveries in connection with the biological combustion processes with special reference to vitamin C and the catalysis of fumaric acid""",Szeged University,Szeged,Hungary,1893,44,1930,for his discoveries in connection with the biological combustion processes with special reference to vitamin c and the catalysis of fumaric acid
333,Corneille,Heymans,1892-03-28,1968-07-18,Belgium,BE,Ghent,Belgium,BE,Knokke,Male,1938,Medicine,,1,"""for the discovery of the role played by the sinus and aortic mechanisms in the regulation of respiration""",Ghent University,Ghent,Belgium,1892,46,1930,for the discovery of the role played by the sinus and aortic mechanisms in the regulation of respiration
334,Gerhard,Domagk,1895-10-30,1964-04-24,Germany (now Poland),PL,Lagow,West Germany (now Germany),DE,Burgberg,Male,1939,Medicine,,1,"""for the discovery of the antibacterial effects of prontosil""",Munster University,Munster,Germany,1895,44,1930,for the discovery of the antibacterial effects of prontosil
335,Henrik,Dam,1895-02-21,1976-04-17,Denmark,DK,Copenhagen,Denmark,DK,Copenhagen,Male,1943,Medicine,,2,"""for his discovery of vitamin K""",Polytechnic Institute,Copenhagen,Denmark,1895,48,1940,for his discovery of vitamin k
336,Edward A.,Doisy,1893-11-13,1986-10-23,USA,US,Hume IL,USA,US,St. Louis MO,Male,1943,Medicine,,2,"""for his discovery of the chemical nature of vitamin K""",Saint Louis University,St. Louis MO,USA,1893,50,1940,for his discovery of the chemical nature of vitamin k
337,Joseph,Erlanger,1874-01-05,1965-12-05,USA,US,San Francisco CA,USA,US,St. Louis MO,Male,1944,Medicine,,2,"""for their discoveries relating to the highly differentiated functions of single nerve fibres""",Washington University,St. Louis MO,USA,1874,70,1940,for their discoveries relating to the highly differentiated functions of single nerve fibres
338,Herbert S.,Gasser,1888-07-05,1963-05-11,USA,US,Platteville WI,USA,US,New York NY,Male,1944,Medicine,,2,"""for their discoveries relating to the highly differentiated functions of single nerve fibres""",Rockefeller Institute for Medical Research,New York NY,USA,1888,56,1940,for their discoveries relating to the highly differentiated functions of single nerve fibres
339,Sir Alexander,Fleming,1881-08-06,1955-03-11,Scotland,GB,Lochfield,United Kingdom,GB,London,Male,1945,Medicine,,3,"""for the discovery of penicillin and its curative effect in various infectious diseases""",London University,London,United Kingdom,1881,64,1940,for the discovery of penicillin and its curative effect in various infectious diseases
340,Ernst B.,Chain,1906-06-19,1979-08-12,Germany,DE,Berlin,Ireland,IE,Mulrany,Male,1945,Medicine,,3,"""for the discovery of penicillin and its curative effect in various infectious diseases""",University of Oxford,Oxford,United Kingdom,1906,39,1940,for the discovery of penicillin and its curative effect in various infectious diseases
341,Sir Howard,Florey,1898-09-24,1968-02-21,Australia,AU,Adelaide,United Kingdom,GB,Oxford,Male,1945,Medicine,,3,"""for the discovery of penicillin and its curative effect in various infectious diseases""",University of Oxford,Oxford,United Kingdom,1898,47,1940,for the discovery of penicillin and its curative effect in various infectious diseases
342,Hermann J.,Muller,1890-12-21,1967-04-05,USA,US,New York NY,USA,US,Indianapolis IN,Male,1946,Medicine,,1,"""for the discovery of the production of mutations by means of X-ray irradiation""",Indiana University,Bloomington IN,USA,1890,56,1940,for the discovery of the production of mutations by means of x ray irradiation
343,Carl,Cori,1896-12-05,1984-10-20,Austria-Hungary (now Czech Republic),CZ,Prague,USA,US,Cambridge MA,Male,1947,Medicine,,4,"""for their discovery of the course of the catalytic conversion of glycogen""",Washington University,St. Louis MO,USA,1896,51,1940,for their discovery of the course of the catalytic conversion of glycogen
344,Gerty,Cori,1896-08-15,1957-10-26,Austria-Hungary (now Czech Republic),CZ,Prague,USA,US,St. Louis MO,Female,1947,Medicine,,4,"""for their discovery of the course of the catalytic conversion of glycogen""",Washington University,St. Louis MO,USA,1896,51,1940,for their discovery of the course of the catalytic conversion of glycogen
345,Bernardo,Houssay,1887-04-10,1971-09-21,Argentina,AR,Buenos Aires,Argentina,AR,Buenos Aires,Male,1947,Medicine,,2,"""for his discovery of the part played by the hormone of the anterior pituitary lobe in the metabolism of sugar""",Instituto de Biologia y Medicina Experimental (Institute for Biology and Experimental Medicine),Buenos Aires,Argentina,1887,60,1940,for his discovery of the part played by the hormone of the anterior pituitary lobe in the metabolism of sugar
346,Paul,Müller,1899-01-12,1965-10-12,Switzerland,CH,Olten,Switzerland,CH,Basel,Male,1948,Medicine,,1,"""for his discovery of the high efficiency of DDT as a contact poison against several arthropods""",Laboratorium der Farben-Fabriken J.R. Geigy A.G. (Laboratory of the J.R. Geigy Dye-Factory Co.),Basel,Switzerland,1899,49,1940,for his discovery of the high efficiency of ddt as a contact poison against several arthropods
347,Walter,Hess,1881-03-17,1973-08-12,Switzerland,CH,Frauenfeld,Switzerland,CH,Ascona,Male,1949,Medicine,,2,"""for his discovery of the functional organization of the interbrain as a coordinator of the activities of the internal organs""",University of Zurich,Zurich,Switzerland,1881,68,1940,for his discovery of the functional organization of the interbrain as a coordinator of the activities of the internal organs
348,Egas,Moniz,1874-11-29,1955-12-13,Portugal,PT,Avanca,Portugal,PT,Lisbon,Male,1949,Medicine,,2,"""for his discovery of the therapeutic value of leucotomy in certain psychoses""",University of Lisbon,Lisbon,Portugal,1874,75,1940,for his discovery of the therapeutic value of leucotomy in certain psychoses
349,Edward C.,Kendall,1886-03-08,1972-05-04,USA,US,South Norwalk CT,USA,US,Princeton NJ,Male,1950,Medicine,,3,"""for their discoveries relating to the hormones of the adrenal cortex their structure and biological effects""",Mayo Clinic,Rochester MN,USA,1886,64,1950,for their discoveries relating to the hormones of the adrenal cortex their structure and biological effects
350,Tadeus,Reichstein,1897-07-20,1996-08-01,Poland,PL,Wloclawek,Switzerland,CH,Basel,Male,1950,Medicine,,3,"""for their discoveries relating to the hormones of the adrenal cortex their structure and biological effects""",Basel University,Basel,Switzerland,1897,53,1950,for their discoveries relating to the hormones of the adrenal cortex their structure and biological effects
351,Philip S.,Hench,1896-02-28,1965-03-30,USA,US,Pittsburgh PA,Jamaica,JM,Ocho Rios,Male,1950,Medicine,,3,"""for their discoveries relating to the hormones of the adrenal cortex their structure and biological effects""",Mayo Clinic,Rochester MN,USA,1896,54,1950,for their discoveries relating to the hormones of the adrenal cortex their structure and biological effects
352,Max,Theiler,1899-01-30,1972-08-11,South Africa,ZA,Pretoria,USA,US,New Haven CT,Male,1951,Medicine,,1,"""for his discoveries concerning yellow fever and how to combat it""",Laboratories of the Division of Medicine and Public Health Rockefeller Foundation,New York NY,USA,1899,52,1950,for his discoveries concerning yellow fever and how to combat it
353,Selman A.,Waksman,1888-07-22,1973-08-16,Russian Empire (now Ukraine),UA,Priluka (now Nova Pryluka),USA,US,Hyannis MA,Male,1952,Medicine,,1,"""for his discovery of streptomycin the first antibiotic effective against tuberculosis""",Rutgers University,New Brunswick NJ,USA,1888,64,1950,for his discovery of streptomycin the first antibiotic effective against tuberculosis
354,Hans,Krebs,1900-08-25,1981-11-22,Germany,DE,Hildesheim,United Kingdom,GB,Oxford,Male,1953,Medicine,,2,"""for his discovery of the citric acid cycle""",Sheffield University,Sheffield,United Kingdom,1900,53,1950,for his discovery of the citric acid cycle
355,Fritz,Lipmann,1899-06-12,1986-07-24,Germany (now Russia),RU,Koenigsberg (now Kaliningrad),USA,US,Poughkeepsie NY,Male,1953,Medicine,,2,"""for his discovery of co-enzyme A and its importance for intermediary metabolism""",Harvard Medical School,Boston MA,USA,1899,54,1950,for his discovery of co enzyme a and its importance for intermediary metabolism
356,John F.,Enders,1897-02-10,1985-09-08,USA,US,West Hartford CT,USA,US,Waterford CT,Male,1954,Medicine,,3,"""for their discovery of the ability of poliomyelitis viruses to grow in cultures of various types of tissue""",Harvard Medical School,Boston MA,USA,1897,57,1950,for their discovery of the ability of poliomyelitis viruses to grow in cultures of various types of tissue
357,Thomas H.,Weller,1915-06-15,2008-08-23,USA,US,Ann Arbor MI,USA,US,Needham MA,Male,1954,Medicine,,3,"""for their discovery of the ability of poliomyelitis viruses to grow in cultures of various types of tissue""",Research Division of Infectious Diseases Children's Medical Center,Boston MA,USA,1915,39,1950,for their discovery of the ability of poliomyelitis viruses to grow in cultures of various types of tissue
358,Frederick C.,Robbins,1916-08-25,2003-08-04,USA,US,Auburn AL,USA,US,Cleveland OH,Male,1954,Medicine,,3,"""for their discovery of the ability of poliomyelitis viruses to grow in cultures of various types of tissue""",Western Reserve University,Cleveland OH,USA,1916,38,1950,for their discovery of the ability of poliomyelitis viruses to grow in cultures of various types of tissue
359,Hugo,Theorell,1903-07-06,1982-08-15,Sweden,SE,Linköping,Sweden,SE,Stockholm,Male,1955,Medicine,,1,"""for his discoveries concerning the nature and mode of action of oxidation enzymes""",Karolinska Institutet Nobel Medical Institute,Stockholm,Sweden,1903,52,1950,for his discoveries concerning the nature and mode of action of oxidation enzymes
360,André F.,Cournand,1895-09-24,1988-02-19,France,FR,Paris,USA,US,Great Barrington MA,Male,1956,Medicine,,3,"""for their discoveries concerning heart catheterization and pathological changes in the circulatory system""",Columbia University Division Cardio-Pulmonary Laboratory Bellevue Hospital,New York NY,USA,1895,61,1950,for their discoveries concerning heart catheterization and pathological changes in the circulatory system
361,Werner,Forssmann,1904-08-29,1979-06-01,Germany,DE,Berlin,West Germany (now Germany),DE,Schopfheim,Male,1956,Medicine,,3,"""for their discoveries concerning heart catheterization and pathological changes in the circulatory system""",Mainz University,Mainz,Germany,1904,52,1950,for their discoveries concerning heart catheterization and pathological changes in the circulatory system
362,Dickinson W.,Richards,1895-10-30,1973-02-23,USA,US,Orange NJ,USA,US,Lakeville CT,Male,1956,Medicine,,3,"""for their discoveries concerning heart catheterization and pathological changes in the circulatory system""",Columbia University,New York NY,USA,1895,61,1950,for their discoveries concerning heart catheterization and pathological changes in the circulatory system
363,Daniel,Bovet,1907-03-23,1992-04-08,Switzerland,CH,Neuchâtel,Italy,IT,Rome,Male,1957,Medicine,,1,"""for his discoveries relating to synthetic compounds that inhibit the action of certain body substances and especially their action on the vascular system and the skeletal muscles""",Istituto Superiore di Sanità (Chief Institute of Public Health),Rome,Italy,1907,50,1950,for his discoveries relating to synthetic compounds that inhibit the action of certain body substances and especially their action on the vascular system and the skeletal muscles
364,George,Beadle,1903-10-22,1989-06-09,USA,US,Wahoo NE,USA,US,Pomona CA,Male,1958,Medicine,,4,"""for their discovery that genes act by regulating definite chemical events""",California Institute of Technology (Caltech),Pasadena CA,USA,1903,55,1950,for their discovery that genes act by regulating definite chemical events
365,Edward,Tatum,1909-12-14,1975-11-05,USA,US,Boulder CO,USA,US,New York NY,Male,1958,Medicine,,4,"""for their discovery that genes act by regulating definite chemical events""",Rockefeller Institute for Medical Research,New York NY,USA,1909,49,1950,for their discovery that genes act by regulating definite chemical events
366,Joshua,Lederberg,1925-05-23,2008-02-02,USA,US,Montclair NJ,USA,US,New York NY,Male,1958,Medicine,,2,"""for his discoveries concerning genetic recombination and the organization of the genetic material of bacteria""",University of Wisconsin,Madison WI,USA,1925,33,1950,for his discoveries concerning genetic recombination and the organization of the genetic material of bacteria
367,Severo,Ochoa,1905-09-24,1993-11-01,Spain,ES,Luarca,Spain,ES,Madrid,Male,1959,Medicine,,2,"""for their discovery of the mechanisms in the biological synthesis of ribonucleic acid and deoxyribonucleic acid""",New York University College of Medicine,New York NY,USA,1905,54,1950,for their discovery of the mechanisms in the biological synthesis of ribonucleic acid and deoxyribonucleic acid
368,Arthur,Kornberg,1918-03-03,2007-10-26,USA,US,Brooklyn NY,USA,US,Stanford CA,Male,1959,Medicine,,2,"""for their discovery of the mechanisms in the biological synthesis of ribonucleic acid and deoxyribonucleic acid""",Stanford University,Stanford CA,USA,1918,41,1950,for their discovery of the mechanisms in the biological synthesis of ribonucleic acid and deoxyribonucleic acid
369,Sir Frank Macfarlane,Burnet,1899-09-03,1985-08-31,Australia,AU,Traralgon,Australia,AU,Melbourne,Male,1960,Medicine,,2,"""for discovery of acquired immunological tolerance""",Walter and Eliza Hall Institute for Medical Research,Melbourne,Australia,1899,61,1960,for discovery of acquired immunological tolerance
370,Peter,Medawar,1915-02-28,1987-10-02,Brazil,BR,Rio de Janeiro,United Kingdom,GB,London,Male,1960,Medicine,,2,"""for discovery of acquired immunological tolerance""",University College,London,United Kingdom,1915,45,1960,for discovery of acquired immunological tolerance
371,Georg,von Békésy,1899-06-03,1972-06-13,Hungary,HU,Budapest,USA,US,Honolulu HI,Male,1961,Medicine,,1,"""for his discoveries of the physical mechanism of stimulation within the cochlea""",Harvard University,Cambridge MA,USA,1899,62,1960,for his discoveries of the physical mechanism of stimulation within the cochlea
372,Francis,Crick,1916-06-08,2004-07-28,United Kingdom,GB,Northampton,USA,US,San Diego CA,Male,1962,Medicine,,3,"""for their discoveries concerning the molecular structure of nucleic acids and its significance for information transfer in living material""",MRC Laboratory of Molecular Biology,Cambridge,United Kingdom,1916,46,1960,for their discoveries concerning the molecular structure of nucleic acids and its significance for information transfer in living material
373,James,Watson,1928-04-06,,USA,US,Chicago IL,,,,Male,1962,Medicine,,3,"""for their discoveries concerning the molecular structure of nucleic acids and its significance for information transfer in living material""",Harvard University,Cambridge MA,USA,1928,34,1960,for their discoveries concerning the molecular structure of nucleic acids and its significance for information transfer in living material
374,Maurice,Wilkins,1916-12-15,2004-10-05,New Zealand,NZ,Pongaroa,United Kingdom,GB,London,Male,1962,Medicine,,3,"""for their discoveries concerning the molecular structure of nucleic acids and its significance for information transfer in living material""",London University,London,United Kingdom,1916,46,1960,for their discoveries concerning the molecular structure of nucleic acids and its significance for information transfer in living material
375,Sir John,Eccles,1903-01-27,1997-05-02,Australia,AU,Melbourne,Switzerland,CH,Contra,Male,1963,Medicine,,3,"""for their discoveries concerning the ionic mechanisms involved in excitation and inhibition in the peripheral and central portions of the nerve cell membrane""",Australian National University,Canberra,Australia,1903,60,1960,for their discoveries concerning the ionic mechanisms involved in excitation and inhibition in the peripheral and central portions of the nerve cell membrane
376,Alan,Hodgkin,1914-02-05,1998-12-20,United Kingdom,GB,Banbury,United Kingdom,GB,Cambridge,Male,1963,Medicine,,3,"""for their discoveries concerning the ionic mechanisms involved in excitation and inhibition in the peripheral and central portions of the nerve cell membrane""",University of Cambridge,Cambridge,United Kingdom,1914,49,1960,for their discoveries concerning the ionic mechanisms involved in excitation and inhibition in the peripheral and central portions of the nerve cell membrane
377,Andrew,Huxley,1917-11-22,2012-05-30,United Kingdom,GB,Hampstead,United Kingdom,GB,Grantchester,Male,1963,Medicine,,3,"""for their discoveries concerning the ionic mechanisms involved in excitation and inhibition in the peripheral and central portions of the nerve cell membrane""",University College,London,United Kingdom,1917,46,1960,for their discoveries concerning the ionic mechanisms involved in excitation and inhibition in the peripheral and central portions of the nerve cell membrane
378,Konrad,Bloch,1912-01-21,2000-10-15,Germany (now Poland),PL,Neisse (now Nysa),USA,US,Burlington MA,Male,1964,Medicine,,2,"""for their discoveries concerning the mechanism and regulation of the cholesterol and fatty acid metabolism""",Harvard University,Cambridge MA,USA,1912,52,1960,for their discoveries concerning the mechanism and regulation of the cholesterol and fatty acid metabolism
379,Feodor,Lynen,1911-04-06,1979-08-06,Germany,DE,Munich,Germany,DE,Munich,Male,1964,Medicine,,2,"""for their discoveries concerning the mechanism and regulation of the cholesterol and fatty acid metabolism""",Max-Planck-Institut für Zellchemie,Munich,Germany,1911,53,1960,for their discoveries concerning the mechanism and regulation of the cholesterol and fatty acid metabolism
380,François,Jacob,1920-06-17,2013-04-19,France,FR,Nancy,France,FR,Paris,Male,1965,Medicine,,3,"""for their discoveries concerning genetic control of enzyme and virus synthesis""",Institut Pasteur,Paris,France,1920,45,1960,for their discoveries concerning genetic control of enzyme and virus synthesis
381,André,Lwoff,1902-05-08,1994-09-30,France,FR,Ainay-le-Château,France,FR,Paris,Male,1965,Medicine,,3,"""for their discoveries concerning genetic control of enzyme and virus synthesis""",Institut Pasteur,Paris,France,1902,63,1960,for their discoveries concerning genetic control of enzyme and virus synthesis
382,Jacques,Monod,1910-02-09,1976-05-31,France,FR,Paris,France,FR,Cannes,Male,1965,Medicine,,3,"""for their discoveries concerning genetic control of enzyme and virus synthesis""",Institut Pasteur,Paris,France,1910,55,1960,for their discoveries concerning genetic control of enzyme and virus synthesis
383,Peyton,Rous,1879-10-05,1970-02-16,USA,US,Baltimore MD,USA,US,New York NY,Male,1966,Medicine,,2,"""for his discovery of tumour-inducing viruses""",Rockefeller University,New York NY,USA,1879,87,1960,for his discovery of tumour inducing viruses
384,Charles B.,Huggins,1901-09-22,1997-01-12,Canada,CA,Halifax Nova Scotia,USA,US,Chicago IL,Male,1966,Medicine,,2,"""for his discoveries concerning hormonal treatment of prostatic cancer""",University of Chicago Ben May Laboratory for Cancer Research,Chicago IL,USA,1901,65,1960,for his discoveries concerning hormonal treatment of prostatic cancer
385,Ragnar,Granit,1900-10-30,1991-03-12,Russian Empire (now Finland),FI,Helsinki,Sweden,SE,Stockholm,Male,1967,Medicine,,3,"""for their discoveries concerning the primary physiological and chemical visual processes in the eye""",Karolinska Institutet,Stockholm,Sweden,1900,67,1960,for their discoveries concerning the primary physiological and chemical visual processes in the eye
386,Keffer,Hartline,1903-12-22,1983-03-17,USA,US,Bloomsburg PA,USA,US,Fallston MD,Male,1967,Medicine,,3,"""for their discoveries concerning the primary physiological and chemical visual processes in the eye""",Rockefeller University,New York NY,USA,1903,64,1960,for their discoveries concerning the primary physiological and chemical visual processes in the eye
387,George,Wald,1906-11-18,1997-04-12,USA,US,New York NY,USA,US,Cambridge MA,Male,1967,Medicine,,3,"""for their discoveries concerning the primary physiological and chemical visual processes in the eye""",Harvard University,Cambridge MA,USA,1906,61,1960,for their discoveries concerning the primary physiological and chemical visual processes in the eye
388,Robert W.,Holley,1922-01-28,1993-02-11,USA,US,Urbana IL,USA,US,Los Gatos CA,Male,1968,Medicine,,3,"""for their interpretation of the genetic code and its function in protein synthesis""",Cornell University,Ithaca NY,USA,1922,46,1960,for their interpretation of the genetic code and its function in protein synthesis
389,H. Gobind,Khorana,1922-01-09,2011-11-09,India,IN,Raipur,USA,US,Concord MA,Male,1968,Medicine,,3,"""for their interpretation of the genetic code and its function in protein synthesis""",University of Wisconsin,Madison WI,USA,1922,46,1960,for their interpretation of the genetic code and its function in protein synthesis
390,Marshall W.,Nirenberg,1927-04-10,2010-01-15,USA,US,New York NY,USA,US,New York NY,Male,1968,Medicine,,3,"""for their interpretation of the genetic code and its function in protein synthesis""",National Institutes of Health,Bethesda MD,USA,1927,41,1960,for their interpretation of the genetic code and its function in protein synthesis
391,Max,Delbrück,1906-09-04,1981-03-09,Germany,DE,Berlin,USA,US,Pasadena CA,Male,1969,Medicine,,3,"""for their discoveries concerning the replication mechanism and the genetic structure of viruses""",California Institute of Technology (Caltech),Pasadena CA,USA,1906,63,1960,for their discoveries concerning the replication mechanism and the genetic structure of viruses
392,Alfred D.,Hershey,1908-12-04,1997-05-22,USA,US,Owosso MI,USA,US,Syosset NY,Male,1969,Medicine,,3,"""for their discoveries concerning the replication mechanism and the genetic structure of viruses""",Carnegie Institution of Washington,Long Island New York NY,USA,1908,61,1960,for their discoveries concerning the replication mechanism and the genetic structure of viruses
393,Salvador E.,Luria,1912-08-13,1991-02-06,Italy,IT,Turin,USA,US,Lexington MA,Male,1969,Medicine,,3,"""for their discoveries concerning the replication mechanism and the genetic structure of viruses""",Massachusetts Institute of Technology (MIT),Cambridge MA,USA,1912,57,1960,for their discoveries concerning the replication mechanism and the genetic structure of viruses
394,Sir Bernard,Katz,1911-03-26,2003-04-20,Germany,DE,Leipzig,United Kingdom,GB,London,Male,1970,Medicine,,3,"""for their discoveries concerning the humoral transmitters in the nerve terminals and the mechanism for their storage release and inactivation""",University College,London,United Kingdom,1911,59,1970,for their discoveries concerning the humoral transmitters in the nerve terminals and the mechanism for their storage release and inactivation
395,Ulf,von Euler,1905-02-07,1983-03-09,Sweden,SE,Stockholm,Sweden,SE,Stockholm,Male,1970,Medicine,,3,"""for their discoveries concerning the humoral transmitters in the nerve terminals and the mechanism for their storage release and inactivation""",Karolinska Institutet,Stockholm,Sweden,1905,65,1970,for their discoveries concerning the humoral transmitters in the nerve terminals and the mechanism for their storage release and inactivation
396,Julius,Axelrod,1912-05-30,2004-12-29,USA,US,New York NY,USA,US,Rockville MD,Male,1970,Medicine,,3,"""for their discoveries concerning the humoral transmitters in the nerve terminals and the mechanism for their storage release and inactivation""",National Institutes of Health,Bethesda MD,USA,1912,58,1970,for their discoveries concerning the humoral transmitters in the nerve terminals and the mechanism for their storage release and inactivation
397,Earl W.,Sutherland Jr.,1915-11-19,1974-03-09,USA,US,Burlingame KS,USA,US,Miami FL,Male,1971,Medicine,,1,"""for his discoveries concerning the mechanisms of the action of hormones""",Vanderbilt University,Nashville TN,USA,1915,56,1970,for his discoveries concerning the mechanisms of the action of hormones
398,Gerald M.,Edelman,1929-07-01,2014-05-17,USA,US,New York NY,USA,US,La Jolla CA,Male,1972,Medicine,,2,"""for their discoveries concerning the chemical structure of antibodies""",Rockefeller University,New York NY,USA,1929,43,1970,for their discoveries concerning the chemical structure of antibodies
399,Rodney R.,Porter,1917-10-08,1985-09-06,United Kingdom,GB,Newton-le-Willows,United Kingdom,GB,Winchester,Male,1972,Medicine,,2,"""for their discoveries concerning the chemical structure of antibodies""",University of Oxford,Oxford,United Kingdom,1917,55,1970,for their discoveries concerning the chemical structure of antibodies
400,Karl,von Frisch,1886-11-20,1982-06-12,Austria,AT,Vienna,West Germany (now Germany),DE,Munich,Male,1973,Medicine,,3,"""for their discoveries concerning organization and elicitation of individual and social behaviour patterns""",Zoologisches Institut der Universität München,Munich,Germany,1886,87,1970,for their discoveries concerning organization and elicitation of individual and social behaviour patterns
401,Konrad,Lorenz,1903-11-07,1989-02-27,Austria,AT,Vienna,Austria,AT,Vienna,Male,1973,Medicine,,3,"""for their discoveries concerning organization and elicitation of individual and social behaviour patterns""",Konrad-Lorenz-Institut der Österreichischen Akademie der Wissen­schaften Forschungsstelle für Ethologie,Altenberg; Grünau im Almtal,Austria,1903,70,1970,for their discoveries concerning organization and elicitation of individual and social behaviour patterns
402,Nikolaas,Tinbergen,1907-04-15,1988-12-21,the Netherlands,NL,the Hague,United Kingdom,GB,Oxford,Male,1973,Medicine,,3,"""for their discoveries concerning organization and elicitation of individual and social behaviour patterns""",University of Oxford,Oxford,United Kingdom,1907,66,1970,for their discoveries concerning organization and elicitation of individual and social behaviour patterns
403,Albert,Claude,1898-08-24,1983-05-22,Belgium,BE,Longlier,Belgium,BE,Brussels,Male,1974,Medicine,,3,"""for their discoveries concerning the structural and functional organization of the cell""",Université Catholique de Louvain,Louvain,Belgium,1898,76,1970,for their discoveries concerning the structural and functional organization of the cell
404,Christian,de Duve,1917-10-02,2013-05-04,United Kingdom,GB,Thames Ditton,Belgium,BE,Nethen,Male,1974,Medicine,,3,"""for their discoveries concerning the structural and functional organization of the cell""",Rockefeller University,New York NY,USA,1917,57,1970,for their discoveries concerning the structural and functional organization of the cell
405,George E.,Palade,1912-11-19,2008-10-07,Romania,RO,Iasi,USA,US,Del Mar CA,Male,1974,Medicine,,3,"""for their discoveries concerning the structural and functional organization of the cell""",Yale University School of Medicine,New Haven CT,USA,1912,62,1970,for their discoveries concerning the structural and functional organization of the cell
406,David,Baltimore,1938-03-07,,USA,US,New York NY,,,,Male,1975,Medicine,,3,"""for their discoveries concerning the interaction between tumour viruses and the genetic material of the cell""",Massachusetts Institute of Technology (MIT),Cambridge MA,USA,1938,37,1970,for their discoveries concerning the interaction between tumour viruses and the genetic material of the cell
407,Renato,Dulbecco,1914-02-22,2012-02-19,Italy,IT,Catanzaro,USA,US,La Jolla CA,Male,1975,Medicine,,3,"""for their discoveries concerning the interaction between tumour viruses and the genetic material of the cell""",Imperial Cancer Research Fund Laboratory,London,United Kingdom,1914,61,1970,for their discoveries concerning the interaction between tumour viruses and the genetic material of the cell
408,Howard M.,Temin,1934-12-10,1994-02-09,USA,US,Philadelphia PA,USA,US,Madison WI,Male,1975,Medicine,,3,"""for their discoveries concerning the interaction between tumour viruses and the genetic material of the cell""",University of Wisconsin,Madison WI,USA,1934,41,1970,for their discoveries concerning the interaction between tumour viruses and the genetic material of the cell
409,Baruch S.,Blumberg,1925-07-28,2011-04-05,USA,US,New York NY,USA,US,Moffett Field CA,Male,1976,Medicine,,2,"""for their discoveries concerning new mechanisms for the origin and dissemination of infectious diseases""",The Institute for Cancer Research,Philadelphia PA,USA,1925,51,1970,for their discoveries concerning new mechanisms for the origin and dissemination of infectious diseases
410,D. Carleton,Gajdusek,1923-09-09,2008-12-12,USA,US,Yonkers NY,Norway,NO,Tromsø,Male,1976,Medicine,,2,"""for their discoveries concerning new mechanisms for the origin and dissemination of infectious diseases""",National Institutes of Health,Bethesda MD,USA,1923,53,1970,for their discoveries concerning new mechanisms for the origin and dissemination of infectious diseases
411,Roger,Guillemin,1924-01-11,,France,FR,Dijon,,,,Male,1977,Medicine,,4,"""for their discoveries concerning the peptide hormone production of the brain""",The Salk Institute,San Diego CA,USA,1924,53,1970,for their discoveries concerning the peptide hormone production of the brain
412,Andrew V.,Schally,1926-11-30,,Poland (now Lithuania),LT,Wilno (now Vilnius),,,,Male,1977,Medicine,,4,"""for their discoveries concerning the peptide hormone production of the brain""",Veterans Administration Hospital,New Orleans LA,USA,1926,51,1970,for their discoveries concerning the peptide hormone production of the brain
413,Rosalyn,Yalow,1921-07-19,2011-05-30,USA,US,New York NY,USA,US,New York NY,Female,1977,Medicine,,2,"""for the development of radioimmunoassays of peptide hormones""",Veterans Administration Hospital,Bronx NY,USA,1921,56,1970,for the development of radioimmunoassays of peptide hormones
414,Werner,Arber,1929-06-03,,Switzerland,CH,Gränichen,,,,Male,1978,Medicine,,3,"""for the discovery of restriction enzymes and their application to problems of molecular genetics""",Biozentrum der Universität,Basel,Switzerland,1929,49,1970,for the discovery of restriction enzymes and their application to problems of molecular genetics
415,Daniel,Nathans,1928-10-30,1999-11-16,USA,US,Wilmington DE,USA,US,Baltimore MD,Male,1978,Medicine,,3,"""for the discovery of restriction enzymes and their application to problems of molecular genetics""",Johns Hopkins University School of Medicine,Baltimore MD,USA,1928,50,1970,for the discovery of restriction enzymes and their application to problems of molecular genetics
416,Hamilton O.,Smith,1931-08-23,,USA,US,New York NY,,,,Male,1978,Medicine,,3,"""for the discovery of restriction enzymes and their application to problems of molecular genetics""",Johns Hopkins University School of Medicine,Baltimore MD,USA,1931,47,1970,for the discovery of restriction enzymes and their application to problems of molecular genetics
417,Allan M.,Cormack,1924-02-23,1998-05-07,South Africa,ZA,Johannesburg,USA,US,Winchester MA,Male,1979,Medicine,,2,"""for the development of computer assisted tomography""",Tufts University,Medford MA,USA,1924,55,1970,for the development of computer assisted tomography
418,Godfrey N.,Hounsfield,1919-08-28,2004-08-12,United Kingdom,GB,Newark,United Kingdom,GB,Kingston upon Thames,Male,1979,Medicine,,2,"""for the development of computer assisted tomography""",Central Research Laboratories EMI,London,United Kingdom,1919,60,1970,for the development of computer assisted tomography
419,Baruj,Benacerraf,1920-10-29,2011-08-02,Venezuela,VE,Caracas,USA,US,Boston MA,Male,1980,Medicine,,3,"""for their discoveries concerning genetically determined structures on the cell surface that regulate immunological reactions""",Harvard Medical School,Boston MA,USA,1920,60,1980,for their discoveries concerning genetically determined structures on the cell surface that regulate immunological reactions
420,Jean,Dausset,1916-10-19,2009-06-06,France,FR,Toulouse,Spain,ES,Palma Majorca,Male,1980,Medicine,,3,"""for their discoveries concerning genetically determined structures on the cell surface that regulate immunological reactions""",Université de Paris Laboratoire Immuno-Hématologie,Paris,France,1916,64,1980,for their discoveries concerning genetically determined structures on the cell surface that regulate immunological reactions
421,George D.,Snell,1903-12-19,1996-06-06,USA,US,Bradford MA,USA,US,Bar Harbor ME,Male,1980,Medicine,,3,"""for their discoveries concerning genetically determined structures on the cell surface that regulate immunological reactions""",Jackson Laboratory,Bar Harbor ME,USA,1903,77,1980,for their discoveries concerning genetically determined structures on the cell surface that regulate immunological reactions
422,Roger W.,Sperry,1913-08-20,1994-04-17,USA,US,Hartford CT,USA,US,Pasadena CA,Male,1981,Medicine,,2,"""for his discoveries concerning the functional specialization of the cerebral hemispheres""",California Institute of Technology (Caltech),Pasadena CA,USA,1913,68,1980,for his discoveries concerning the functional specialization of the cerebral hemispheres
423,David H.,Hubel,1926-02-27,2013-09-22,Canada,CA,Windsor ON,USA,US,Lincoln MA,Male,1981,Medicine,,4,"""for their discoveries concerning information processing in the visual system""",Harvard Medical School,Boston MA,USA,1926,55,1980,for their discoveries concerning information processing in the visual system
424,Torsten N.,Wiesel,1924-06-03,,Sweden,SE,Uppsala,,,,Male,1981,Medicine,,4,"""for their discoveries concerning information processing in the visual system""",Harvard Medical School,Boston MA,USA,1924,57,1980,for their discoveries concerning information processing in the visual system
425,Sune K.,Bergström,1916-01-10,2004-08-15,Sweden,SE,Stockholm,Sweden,SE,Stockholm,Male,1982,Medicine,,3,"""for their discoveries concerning prostaglandins and related biologically active substances""",Karolinska Institutet,Stockholm,Sweden,1916,66,1980,for their discoveries concerning prostaglandins and related biologically active substances
426,Bengt I.,Samuelsson,1934-05-21,,Sweden,SE,Halmstad,,,,Male,1982,Medicine,,3,"""for their discoveries concerning prostaglandins and related biologically active substances""",Karolinska Institutet,Stockholm,Sweden,1934,48,1980,for their discoveries concerning prostaglandins and related biologically active substances
427,John R.,Vane,1927-03-29,2004-11-19,United Kingdom,GB,Tardebigg,United Kingdom,GB,Farnborough,Male,1982,Medicine,,3,"""for their discoveries concerning prostaglandins and related biologically active substances""",The Wellcome Research Laboratories,Beckenham,United Kingdom,1927,55,1980,for their discoveries concerning prostaglandins and related biologically active substances
428,Barbara,McClintock,1902-06-16,1992-09-02,USA,US,Hartford CT,USA,US,Huntington NY,Female,1983,Medicine,,1,"""for her discovery of mobile genetic elements""",Cold Spring Harbor Laboratory,Cold Spring Harbor NY,USA,1902,81,1980,for her discovery of mobile genetic elements
429,Niels K.,Jerne,1911-12-23,1994-10-07,United Kingdom,GB,London,France,FR,Castillon-du-Gard,Male,1984,Medicine,,3,"""for theories concerning the specificity in development and control of the immune system and the discovery of the principle for production of monoclonal antibodies""",Basel Institute for Immunology,Basel,Switzerland,1911,73,1980,for theories concerning the specificity in development and control of the immune system and the discovery of the principle for production of monoclonal antibodies
430,Georges J.F.,Köhler,1946-04-17,1995-03-01,Germany,DE,Munich,Germany,DE,Freiburg im Breisgau,Male,1984,Medicine,,3,"""for theories concerning the specificity in development and control of the immune system and the discovery of the principle for production of monoclonal antibodies""",Basel Institute for Immunology,Basel,Switzerland,1946,38,1980,for theories concerning the specificity in development and control of the immune system and the discovery of the principle for production of monoclonal antibodies
431,César,Milstein,1927-10-08,2002-03-24,Argentina,AR,Bahia Blanca,United Kingdom,GB,Cambridge,Male,1984,Medicine,,3,"""for theories concerning the specificity in development and control of the immune system and the discovery of the principle for production of monoclonal antibodies""",MRC Laboratory of Molecular Biology,Cambridge,United Kingdom,1927,57,1980,for theories concerning the specificity in development and control of the immune system and the discovery of the principle for production of monoclonal antibodies
432,Michael S.,Brown,1941-04-13,,USA,US,New York NY,,,,Male,1985,Medicine,,2,"""for their discoveries concerning the regulation of cholesterol metabolism""",University of Texas Southwestern Medical Center at Dallas,Dallas TX,USA,1941,44,1980,for their discoveries concerning the regulation of cholesterol metabolism
433,Joseph L.,Goldstein,1940-04-18,,USA,US,Sumter SC,,,,Male,1985,Medicine,,2,"""for their discoveries concerning the regulation of cholesterol metabolism""",University of Texas Southwestern Medical Center at Dallas,Dallas TX,USA,1940,45,1980,for their discoveries concerning the regulation of cholesterol metabolism
434,Stanley,Cohen,1922-11-17,2020-02-05,USA,US,Brooklyn NY,USA,US,Nashville TN,Male,1986,Medicine,,2,"""for their discoveries of growth factors""",Vanderbilt University School of Medicine,Nashville TN,USA,1922,64,1980,for their discoveries of growth factors
435,Rita,Levi-Montalcini,1909-04-22,2012-12-30,Italy,IT,Turin,Italy,IT,Rome,Female,1986,Medicine,,2,"""for their discoveries of growth factors""",Institute of Cell Biology of the C.N.R.,Rome,Italy,1909,77,1980,for their discoveries of growth factors
436,Susumu,Tonegawa,1939-09-05,,Japan,JP,Nagoya,,,,Male,1987,Medicine,,1,"""for his discovery of the genetic principle for generation of antibody diversity""",Massachusetts Institute of Technology (MIT),Cambridge MA,USA,1939,48,1980,for his discovery of the genetic principle for generation of antibody diversity
437,Sir James W.,Black,1924-06-14,2010-03-21,Scotland,GB,Uddingston,,,,Male,1988,Medicine,,3,"""for their discoveries of important principles for drug treatment""",London University King's College Hospital Medical School,London,United Kingdom,1924,64,1980,for their discoveries of important principles for drug treatment
438,Gertrude B.,Elion,1918-01-23,1999-02-21,USA,US,New York NY,USA,US,Chapel Hill NC,Female,1988,Medicine,,3,"""for their discoveries of important principles for drug treatment""",Wellcome Research Laboratories,Research Triangle Park NC,USA,1918,70,1980,for their discoveries of important principles for drug treatment
439,George H.,Hitchings,1905-04-18,1998-02-27,USA,US,Hoquiam WA,USA,US,Chapel Hill NC,Male,1988,Medicine,,3,"""for their discoveries of important principles for drug treatment""",Wellcome Research Laboratories,Research Triangle Park NC,USA,1905,83,1980,for their discoveries of important principles for drug treatment
440,J. Michael,Bishop,1936-02-22,,USA,US,York PA,,,,Male,1989,Medicine,,2,"""for their discovery of the cellular origin of retroviral oncogenes""",University of California School of Medicine,San Francisco CA,USA,1936,53,1980,for their discovery of the cellular origin of retroviral oncogenes
441,Harold E.,Varmus,1939-12-18,,USA,US,Oceanside NY,,,,Male,1989,Medicine,,2,"""for their discovery of the cellular origin of retroviral oncogenes""",University of California School of Medicine,San Francisco CA,USA,1939,50,1980,for their discovery of the cellular origin of retroviral oncogenes
442,Joseph E.,Murray,1919-04-01,2012-11-26,USA,US,Milford MA,USA,US,Boston MA,Male,1990,Medicine,,2,"""for their discoveries concerning organ and cell transplantation in the treatment of human disease""",Brigham and Women's Hospital,Boston MA,USA,1919,71,1990,for their discoveries concerning organ and cell transplantation in the treatment of human disease
443,E. Donnall,Thomas,1920-03-15,2012-10-20,USA,US,Mart TX,USA,US,Seattle WA,Male,1990,Medicine,,2,"""for their discoveries concerning organ and cell transplantation in the treatment of human disease""",Fred Hutchinson Cancer Research Center,Seattle WA,USA,1920,70,1990,for their discoveries concerning organ and cell transplantation in the treatment of human disease
444,Erwin,Neher,1944-03-20,,Germany,DE,Landsberg,,,,Male,1991,Medicine,,2,"""for their discoveries concerning the function of single ion channels in cells""",Max-Planck-Institut für Biophysikalische Chemie,Göttingen,Germany,1944,47,1990,for their discoveries concerning the function of single ion channels in cells
445,Bert,Sakmann,1942-06-12,,Germany,DE,Stuttgart,,,,Male,1991,Medicine,,2,"""for their discoveries concerning the function of single ion channels in cells""",Max-Planck-Institut für medizinische Forschung,Heidelberg,Germany,1942,49,1990,for their discoveries concerning the function of single ion channels in cells
446,Edmond H.,Fischer,1920-04-06,2021-08-27,China,CN,Shanghai,USA,US,Seattle WA,Male,1992,Medicine,,2,"""for their discoveries concerning reversible protein phosphorylation as a biological regulatory mechanism""",University of Washington,Seattle WA,USA,1920,72,1990,for their discoveries concerning reversible protein phosphorylation as a biological regulatory mechanism
447,Edwin G.,Krebs,1918-06-06,2009-12-21,USA,US,Lansing IA,USA,US,Seattle WA,Male,1992,Medicine,,2,"""for their discoveries concerning reversible protein phosphorylation as a biological regulatory mechanism""",University of Washington,Seattle WA,USA,1918,74,1990,for their discoveries concerning reversible protein phosphorylation as a biological regulatory mechanism
448,Richard J.,Roberts,1943-09-06,,United Kingdom,GB,Derby,,,,Male,1993,Medicine,,2,"""for their discoveries of split genes""",New England Biolabs,Beverly MA,USA,1943,50,1990,for their discoveries of split genes
449,Phillip A.,Sharp,1944-06-06,,USA,US,Falmouth KY,,,,Male,1993,Medicine,,2,"""for their discoveries of split genes""",Massachusetts Institute of Technology (MIT) Center for Cancer Research,Cambridge MA,USA,1944,49,1990,for their discoveries of split genes
450,Alfred G.,Gilman,1941-07-01,2015-12-23,USA,US,New Haven CT,USA,US,Dallas TX,Male,1994,Medicine,,2,"""for their discovery of G-proteins and the role of these proteins in signal transduction in cells""",University of Texas Southwestern Medical Center at Dallas,Dallas TX,USA,1941,53,1990,for their discovery of g proteins and the role of these proteins in signal transduction in cells
451,Martin,Rodbell,1925-12-01,1998-12-07,USA,US,Baltimore MD,USA,US,Chapel Hill NC,Male,1994,Medicine,,2,"""for their discovery of G-proteins and the role of these proteins in signal transduction in cells""",National Institute of Environmental Health Sciences,Research Triangle Park NC,USA,1925,69,1990,for their discovery of g proteins and the role of these proteins in signal transduction in cells
452,Edward B.,Lewis,1918-05-20,2004-07-21,USA,US,Wilkes-Barre PA,USA,US,Pasadena CA,Male,1995,Medicine,,3,"""for their discoveries concerning the genetic control of early embryonic development""",California Institute of Technology (Caltech),Pasadena CA,USA,1918,77,1990,for their discoveries concerning the genetic control of early embryonic development
453,Christiane,Nüsslein-Volhard,1942-10-20,,Germany,DE,Magdeburg,,,,Female,1995,Medicine,,3,"""for their discoveries concerning the genetic control of early embryonic development""",Max-Planck-Institut für Entwicklungsbiologie,Tübingen,Germany,1942,53,1990,for their discoveries concerning the genetic control of early embryonic development
454,Eric F.,Wieschaus,1947-06-08,,USA,US,South Bend IN,,,,Male,1995,Medicine,,3,"""for their discoveries concerning the genetic control of early embryonic development""",Princeton University,Princeton NJ,USA,1947,48,1990,for their discoveries concerning the genetic control of early embryonic development
455,Peter C.,Doherty,1940-10-15,,Australia,AU,Brisbane,,,,Male,1996,Medicine,,2,"""for their discoveries concerning the specificity of the cell mediated immune defence""",St. Jude Children's Research Hospital,Memphis TN,USA,1940,56,1990,for their discoveries concerning the specificity of the cell mediated immune defence
456,Rolf M.,Zinkernagel,1944-01-06,,Switzerland,CH,Basel,,,,Male,1996,Medicine,,2,"""for their discoveries concerning the specificity of the cell mediated immune defence""",University of Zurich Institute of Experimental Immunology,Zurich,Switzerland,1944,52,1990,for their discoveries concerning the specificity of the cell mediated immune defence
457,Stanley B.,Prusiner,1942-05-28,,USA,US,Des Moines IA,,,,Male,1997,Medicine,,1,"""for his discovery of Prions - a new biological principle of infection""",University of California School of Medicine,San Francisco CA,USA,1942,55,1990,for his discovery of prions a new biological principle of infection
458,Robert F.,Furchgott,1916-06-04,2009-05-19,USA,US,Charleston SC,USA,US,Seattle WA,Male,1998,Medicine,,3,"""for their discoveries concerning nitric oxide as a signalling molecule in the cardiovascular system""",SUNY Health Science Center,Brooklyn NY,USA,1916,82,1990,for their discoveries concerning nitric oxide as a signalling molecule in the cardiovascular system
459,Louis J.,Ignarro,1941-05-31,,USA,US,Brooklyn NY,,,,Male,1998,Medicine,,3,"""for their discoveries concerning nitric oxide as a signalling molecule in the cardiovascular system""",University of California School of Medicine,Los Angeles CA,USA,1941,57,1990,for their discoveries concerning nitric oxide as a signalling molecule in the cardiovascular system
460,Ferid,Murad,1936-09-14,2023-09-04,USA,US,Whiting IN,USA,US,Menlo Park CL,Male,1998,Medicine,,3,"""for their discoveries concerning nitric oxide as a signalling molecule in the cardiovascular system""",University of Texas Medical School at Houston,Houston TX,USA,1936,62,1990,for their discoveries concerning nitric oxide as a signalling molecule in the cardiovascular system
461,Günter,Blobel,1936-05-21,2018-02-18,Germany (now Poland),PL,Waltersdorf (now Niegoslawice),USA,US,New York NY,Male,1999,Medicine,,1,"""for the discovery that proteins have intrinsic signals that govern their transport and localization in the cell""",Rockefeller University,New York NY,USA,1936,63,1990,for the discovery that proteins have intrinsic signals that govern their transport and localization in the cell
462,Henry,Dunant,1828-05-08,1910-10-30,Switzerland,CH,Geneva,Switzerland,CH,Heiden,Male,1901,Peace,,2,"""for his humanitarian efforts to help wounded soldiers and create international understanding""",,,,1828,73,1900,for his humanitarian efforts to help wounded soldiers and create international understanding
463,Frédéric,Passy,1822-05-20,1912-06-12,France,FR,Paris,France,FR,Paris,Male,1901,Peace,,2,"""for his lifelong work for international peace conferences diplomacy and arbitration""",,,,1822,79,1900,for his lifelong work for international peace conferences diplomacy and arbitration
464,Élie,Ducommun,1833-02-19,1906-12-07,Switzerland,CH,Geneva,Switzerland,CH,Bern,Male,1902,Peace,,2,"""for his untiring and skilful directorship of the Bern Peace Bureau""",,,,1833,69,1900,for his untiring and skilful directorship of the bern peace bureau
465,Albert,Gobat,1843-05-21,1914-03-16,Switzerland,CH,Tramelan,Switzerland,CH,Bern,Male,1902,Peace,,2,"""for his eminently practical administration of the Inter-Parliamentary Union""",,,,1843,59,1900,for his eminently practical administration of the inter parliamentary union
466,Randal,Cremer,1828-03-18,1908-07-22,United Kingdom,GB,Fareham,United Kingdom,GB,London,Male,1903,Peace,,1,"""for his longstanding and devoted effort in favour of the ideas of peace and arbitration""",,,,1828,75,1900,for his longstanding and devoted effort in favour of the ideas of peace and arbitration
468,Bertha,von Suttner,1843-06-09,1914-06-21,Austrian Empire (now Czech Republic),CZ,Prague,Austria,AT,Vienna,Female,1905,Peace,,1,"""for her audacity to oppose the horrors of war""",,,,1843,62,1900,for her audacity to oppose the horrors of war
470,Theodore,Roosevelt,1858-10-27,1919-01-06,USA,US,New York NY,USA,US,Oyster Bay NY,Male,1906,Peace,,1,"""for his role in bringing to an end the bloody war recently waged between two of the world's great powers Japan and Russia""",,,,1858,48,1900,for his role in bringing to an end the bloody war recently waged between two of the world s great powers japan and russia
471,Ernesto Teodoro,Moneta,1833-09-20,1918-02-10,Austrian Empire (now Italy),IT,Milan,Italy,IT,Milan,Male,1907,Peace,,2,"""for his work in the press and in peace meetings both public and private for an understanding between France and Italy""",,,,1833,74,1900,for his work in the press and in peace meetings both public and private for an understanding between france and italy
472,Louis,Renault,1843-05-21,1918-02-08,France,FR,Autun,France,FR,Barbizon,Male,1907,Peace,,2,"""for his decisive influence upon the conduct and outcome of the Hague and Geneva Conferences""",Sorbonne University,Paris,France,1843,64,1900,for his decisive influence upon the conduct and outcome of the hague and geneva conferences
473,Klas Pontus,Arnoldson,1844-10-27,1916-02-20,Sweden,SE,Gothenburg,Sweden,SE,Stockholm,Male,1908,Peace,,2,"""for their long time work for the cause of peace as politicians peace society leaders orators and authors""",,,,1844,64,1900,for their long time work for the cause of peace as politicians peace society leaders orators and authors
474,Fredrik,Bajer,1837-04-21,1922-01-22,Denmark,DK,Næstved,Denmark,DK,Copenhagen,Male,1908,Peace,,2,"""for their long time work for the cause of peace as politicians peace society leaders orators and authors""",,,,1837,71,1900,for their long time work for the cause of peace as politicians peace society leaders orators and authors
475,Auguste,Beernaert,1829-07-26,1912-10-06,Belgium,BE,Ostend,Switzerland,CH,Lucerne,Male,1909,Peace,,2,"""for their prominent position in the international movement for peace and arbitration""",,,,1829,80,1900,for their prominent position in the international movement for peace and arbitration
476,Paul Henri,d'Estournelles de Constant,1852-11-22,1924-05-15,France,FR,La Flèche,France,FR,Paris,Male,1909,Peace,,2,"""for their prominent position in the international movement for peace and arbitration""",,,,1852,57,1900,for their prominent position in the international movement for peace and arbitration
478,Tobias,Asser,1838-04-28,1913-07-29,the Netherlands,NL,Amsterdam,the Netherlands,NL,the Hague,Male,1911,Peace,,2,"""for his role as co-founder of the Institut de droit international initiator of the Conferences on International Private Law (Conférences de Droit international privé) at the Hague and pioneer in the field of international legal relations""",,,,1838,73,1910,for his role as co founder of the institut de droit international initiator of the conferences on international private law conférences de droit international privé at the hague and pioneer in the field of international legal relations
479,Alfred,Fried,1864-11-11,1921-05-04,Austria,AT,Vienna,Austria,AT,Vienna,Male,1911,Peace,,2,"""for his effort to expose and fight what he considers to be the main cause of war namely the anarchy in international relations""",,,,1864,47,1910,for his effort to expose and fight what he considers to be the main cause of war namely the anarchy in international relations
480,Elihu,Root,1845-02-15,1937-02-07,USA,US,Clinton NY,USA,US,New York NY,Male,1912,Peace,,1,"""for bringing about better understanding between the countries of North and South America and initiating important arbitration agreements between the United States and other countries""",,,,1845,67,1910,for bringing about better understanding between the countries of north and south america and initiating important arbitration agreements between the united states and other countries
481,Henri,La Fontaine,1854-04-22,1943-05-14,Belgium,BE,Brussels,Belgium,BE,Brussels,Male,1913,Peace,,1,"""for his unparalleled contribution to the organization of peaceful internationalism""",,,,1854,59,1910,for his unparalleled contribution to the organization of peaceful internationalism
483,Woodrow,Wilson,1856-12-28,1924-02-03,USA,US,Staunton VA,USA,US,Washington D.C.,Male,1919,Peace,,1,"""for his role as founder of the League of Nations""",,,,1856,63,1910,for his role as founder of the league of nations
484,Léon,Bourgeois,1851-05-21,1925-09-29,France,FR,Paris,France,FR,Épernay,Male,1920,Peace,,1,"""for his longstanding contribution to the cause of peace and justice and his prominent role in the establishment of the League of Nations""",,,,1851,69,1920,for his longstanding contribution to the cause of peace and justice and his prominent role in the establishment of the league of nations
485,Hjalmar,Branting,1860-11-23,1925-02-24,Sweden,SE,Stockholm,Sweden,SE,Stockholm,Male,1921,Peace,,2,"""for their lifelong contributions to the cause of peace and organized internationalism""",,,,1860,61,1920,for their lifelong contributions to the cause of peace and organized internationalism
486,Christian,Lange,1869-09-17,1938-12-11,Norway,NO,Stavanger,Norway,NO,Oslo,Male,1921,Peace,,2,"""for their lifelong contributions to the cause of peace and organized internationalism""",,,,1869,52,1920,for their lifelong contributions to the cause of peace and organized internationalism
487,Fridtjof,Nansen,1861-10-10,1930-05-13,Norway,NO,Kristiania (now Oslo),Norway,NO,Oslo,Male,1922,Peace,,1,"""for his leading role in the repatriation of prisoners of war in international relief work and as the League of Nations' High Commissioner for refugees""",,,,1861,61,1920,for his leading role in the repatriation of prisoners of war in international relief work and as the league of nations high commissioner for refugees
488,Sir Austen,Chamberlain,1863-10-16,1937-03-16,United Kingdom,GB,Birmingham,United Kingdom,GB,London,Male,1925,Peace,,2,"""for his crucial role in bringing about the Locarno Treaty""",,,,1863,62,1920,for his crucial role in bringing about the locarno treaty
489,Charles G.,Dawes,1865-08-27,1951-04-23,USA,US,Marietta OH,USA,US,Evanston IL,Male,1925,Peace,,2,"""for his crucial role in bringing about the Dawes Plan""",,,,1865,60,1920,for his crucial role in bringing about the dawes plan
490,Aristide,Briand,1862-03-28,1932-03-07,France,FR,Nantes,France,FR,Paris,Male,1926,Peace,,2,"""for their crucial role in bringing about the Locarno Treaty""",,,,1862,64,1920,for their crucial role in bringing about the locarno treaty
491,Gustav,Stresemann,1878-05-10,1929-10-03,Germany,DE,Berlin,Germany,DE,Berlin,Male,1926,Peace,,2,"""for their crucial role in bringing about the Locarno Treaty""",,,,1878,48,1920,for their crucial role in bringing about the locarno treaty
492,Ferdinand,Buisson,1841-12-20,1932-02-16,France,FR,Paris,France,FR,Thieuloy-Saint-Antoine,Male,1927,Peace,,2,"""for their contribution to the emergence in France and Germany of a public opinion which favours peaceful international cooperation""",,,,1841,86,1920,for their contribution to the emergence in france and germany of a public opinion which favours peaceful international cooperation
493,Ludwig,Quidde,1858-03-23,1941-03-04,Germany,DE,Bremen,Switzerland,CH,Geneva,Male,1927,Peace,,2,"""for their contribution to the emergence in France and Germany of a public opinion which favours peaceful international cooperation""",,,,1858,69,1920,for their contribution to the emergence in france and germany of a public opinion which favours peaceful international cooperation
494,Frank B.,Kellogg,1856-12-22,1937-12-21,USA,US,Potsdam NY,USA,US,St. Paul MN,Male,1929,Peace,,1,"""for his crucial role in bringing about the Briand-Kellogg Pact""",,,,1856,73,1920,for his crucial role in bringing about the briand kellogg pact
495,Nathan,Söderblom,1866-01-15,1931-07-12,Sweden,SE,Trönö,Sweden,SE,Uppsala,Male,1930,Peace,,1,"""for promoting Christian unity and helping create 'that new attitude of mind which is necessary if peace between nations is to become reality'""",,,,1866,64,1930,for promoting christian unity and helping create that new attitude of mind which is necessary if peace between nations is to become reality
496,Jane,Addams,1860-09-06,1935-05-21,USA,US,Cedarville IL,USA,US,Chicago IL,Female,1931,Peace,,2,"""for their assiduous effort to revive the ideal of peace and to rekindle the spirit of peace in their own nation and in the whole of mankind""",,,,1860,71,1930,for their assiduous effort to revive the ideal of peace and to rekindle the spirit of peace in their own nation and in the whole of mankind
497,Nicholas Murray,Butler,1862-04-02,1947-12-07,USA,US,Elizabeth NJ,USA,US,New York NY,Male,1931,Peace,,2,"""for their assiduous effort to revive the ideal of peace and to rekindle the spirit of peace in their own nation and in the whole of mankind""",Columbia University,New York NY,USA,1862,69,1930,for their assiduous effort to revive the ideal of peace and to rekindle the spirit of peace in their own nation and in the whole of mankind
498,Sir Norman,Angell,1872-12-26,1967-10-07,United Kingdom,GB,Holbeach,United Kingdom,GB,Croydon,Male,1933,Peace,,1,"""for having exposed by his pen the illusion of war and presented a convincing plea for international cooperation and peace""",,,,1872,61,1930,for having exposed by his pen the illusion of war and presented a convincing plea for international cooperation and peace
499,Arthur,Henderson,1863-09-13,1935-10-20,Scotland,GB,Glasgow,United Kingdom,GB,London,Male,1934,Peace,,1,"""for his untiring struggle and his courageous efforts as Chairman of the League of Nations Disarmament Conference 1931-34""",,,,1863,71,1930,for his untiring struggle and his courageous efforts as chairman of the league of nations disarmament conference 1931 34
500,Carl,von Ossietzky,1889-10-03,1938-05-04,Germany,DE,Hamburg,Germany,DE,Berlin,Male,1935,Peace,,1,"""for his burning love for freedom of thought and expression and his valuable contribution to the cause of peace""",,,,1889,46,1930,for his burning love for freedom of thought and expression and his valuable contribution to the cause of peace
501,Carlos,Saavedra Lamas,1878-11-01,1959-05-05,Argentina,AR,Buenos Aires,Argentina,AR,Buenos Aires,Male,1936,Peace,,1,"""for his role as father of the Argentine Antiwar Pact of 1933 which he also used as a means to mediate peace between Paraguay and Bolivia in 1935""",,,,1878,58,1930,for his role as father of the argentine antiwar pact of 1933 which he also used as a means to mediate peace between paraguay and bolivia in 1935
502,Robert,Cecil,1864-09-14,1958-11-24,United Kingdom,GB,London,United Kingdom,GB,Tunbridge Wells,Male,1937,Peace,,1,"""for his tireless effort in support of the League of Nations disarmament and peace""",,,,1864,73,1930,for his tireless effort in support of the league of nations disarmament and peace
505,Cordell,Hull,1871-10-02,1955-07-23,USA,US,Olympus TN,USA,US,Bethesda MD,Male,1945,Peace,,1,"""for his indefatigable work for international understanding and his pivotal role in establishing the United Nations""",,,,1871,74,1940,for his indefatigable work for international understanding and his pivotal role in establishing the united nations
506,Emily Greene,Balch,1867-01-08,1961-01-09,USA,US,Jamaica Plain MA (now Boston MA),USA,US,Cambridge MA,Female,1946,Peace,,2,"""for her lifelong work for the cause of peace""",,,,1867,79,1940,for her lifelong work for the cause of peace
507,John R.,Mott,1865-05-25,1955-01-31,USA,US,Livingston Manor NY,USA,US,,Male,1946,Peace,,2,"""for his contribution to the creation of a peace-promoting religious brotherhood across national boundaries""",,,,1865,81,1940,for his contribution to the creation of a peace promoting religious brotherhood across national boundaries
510,John,Boyd Orr,1880-09-23,1971-06-25,Scotland,GB,Kilmaurs,Scotland,GB,Edzell,Male,1949,Peace,,1,"""for his lifelong effort to conquer hunger and want thereby helping to remove a major cause of military conflict and war""",,,,1880,69,1940,for his lifelong effort to conquer hunger and want thereby helping to remove a major cause of military conflict and war
511,Ralph,Bunche,1904-08-07,1971-12-09,USA,US,Detroit MI,USA,US,New York NY,Male,1950,Peace,,1,"""for his work as mediator in Palestine in 1948-1949""",Harvard University,Cambridge MA,USA,1904,46,1950,for his work as mediator in palestine in 1948 1949
512,Léon,Jouhaux,1879-07-01,1954-04-28,France,FR,Paris,France,FR,Paris,Male,1951,Peace,,1,"""for having devoted his life to the fight against war through the promotion of social justice and brotherhood among men and nations""",,,,1879,72,1950,for having devoted his life to the fight against war through the promotion of social justice and brotherhood among men and nations
513,Albert,Schweitzer,1875-01-14,1965-09-04,Germany (now France),FR,Kaysersberg,Gabon,GA,Lambaréné,Male,1952,Peace,,1,"""for his altruism reverence for life and tireless humanitarian work which has helped making the idea of brotherhood between men and nations a living one""",,,,1875,77,1950,for his altruism reverence for life and tireless humanitarian work which has helped making the idea of brotherhood between men and nations a living one
514,George C.,Marshall,1880-12-31,1959-10-16,USA,US,Uniontown PA,USA,US,Washington D.C.,Male,1953,Peace,,1,"""for proposing and supervising the plan for the economic recovery of Europe""",,,,1880,73,1950,for proposing and supervising the plan for the economic recovery of europe
515,Office of the United Nations High Commissioner for Refugees,,1950-12-14,,,,,,,,Org,1954,Peace,,1,"""for its efforts to heal the wounds of war by providing help and protection to refugees all over the world""",,,,1950,4,1950,for its efforts to heal the wounds of war by providing help and protection to refugees all over the world
515,Office of the United Nations High Commissioner for Refugees,,1950-12-14,,,,,,,,Org,1981,Peace,,1,"""for promoting the fundamental rights of refugees""",,,,1950,31,1980,for promoting the fundamental rights of refugees
516,Lester Bowles,Pearson,1897-04-23,1972-12-27,Canada,CA,Toronto,Canada,CA,Ottawa,Male,1957,Peace,,1,"""for his crucial contribution to the deployment of a United Nations Emergency Force in the wake of the Suez Crisis""",,,,1897,60,1950,for his crucial contribution to the deployment of a united nations emergency force in the wake of the suez crisis
517,Georges,Pire,1910-02-10,1969-01-30,Belgium,BE,Dinant,Belgium,BE,Leuven,Male,1958,Peace,,1,"""for his efforts to help refugees to leave their camps and return to a life of freedom and dignity""",,,,1910,48,1950,for his efforts to help refugees to leave their camps and return to a life of freedom and dignity
518,Philip,Noel-Baker,1889-11-01,1982-10-08,United Kingdom,GB,London,United Kingdom,GB,London,Male,1959,Peace,,1,"""for his longstanding contribution to the cause of disarmament and peace""",,,,1889,70,1950,for his longstanding contribution to the cause of disarmament and peace
520,Dag,Hammarskjöld,1905-07-29,1961-09-18,Sweden,SE,Jönköping,Northern Rhodesia (now Zambia),ZM,Ndola,Male,1961,Peace,,1,"""for developing the UN into an effective and constructive international organization capable of giving life to the principles and aims expressed in the UN Charter""",,,,1905,56,1960,for developing the un into an effective and constructive international organization capable of giving life to the principles and aims expressed in the un charter
524,Martin Luther,King Jr.,1929-01-15,1968-04-04,USA,US,Atlanta GA,USA,US,Memphis TN,Male,1964,Peace,,1,"""for his non-violent struggle for civil rights for the Afro-American population""",,,,1929,35,1960,for his non violent struggle for civil rights for the afro american population
526,René,Cassin,1887-10-05,1976-02-20,France,FR,Bayonne,France,FR,Paris,Male,1968,Peace,,1,"""for his struggle to ensure the rights of man as stipulated in the UN Declaration""",,,,1887,81,1960,for his struggle to ensure the rights of man as stipulated in the un declaration
528,Norman,Borlaug,1914-03-25,2009-09-12,USA,US,Cresco IA,USA,US,Dallas TX,Male,1970,Peace,,1,"""for having given a well-founded hope - the green revolution""",,,,1914,56,1970,for having given a well founded hope the green revolution
529,Willy,Brandt,1913-12-18,1992-10-08,Germany,DE,Lübeck,Germany,DE,Unkel,Male,1971,Peace,,1,"""for paving the way for a meaningful dialogue between East and West""",,,,1913,58,1970,for paving the way for a meaningful dialogue between east and west
530,Henry,Kissinger,1923-05-27,,Germany,DE,Fürth,,,,Male,1973,Peace,,2,"""for jointly having negotiated a cease fire in Vietnam in 1973""",,,,1923,50,1970,for jointly having negotiated a cease fire in vietnam in 1973
531,Le Duc Tho,,1911-10-14,1990-10-13,Vietnam,VN,Nam Ha province,Vietnam,VN,Hanoi,Male,1973,Peace,,2,"""for jointly having negotiated a cease fire in Vietnam in 1973""",,,,1911,62,1970,for jointly having negotiated a cease fire in vietnam in 1973
532,Seán,MacBride,1904-01-26,1988-01-15,France,FR,Paris,Ireland,IE,Dublin,Male,1974,Peace,,2,"""for his efforts to secure and develop human rights throughout the world""",,,,1904,70,1970,for his efforts to secure and develop human rights throughout the world
533,Eisaku,Sato,1901-03-27,1975-06-03,Japan,JP,Tabuse,Japan,JP,Tokyo,Male,1974,Peace,,2,"""for his contribution to stabilize conditions in the Pacific rim area and for signing the Nuclear Non-Proliferation Treaty""",,,,1901,73,1970,for his contribution to stabilize conditions in the pacific rim area and for signing the nuclear non proliferation treaty
534,Andrei,Sakharov,1921-05-21,1989-12-14,Russia,RU,Moscow,USSR (now Russia),RU,Moscow,Male,1975,Peace,,1,"""for his struggle for human rights in the Soviet Union for disarmament and cooperation between all nations""",,,,1921,54,1970,for his struggle for human rights in the soviet union for disarmament and cooperation between all nations
535,Betty,Williams,1943-05-22,2020-03-17,Northern Ireland,GB,Belfast,Northern Ireland,GB,Belfast,Female,1976,Peace,,2,"""for the courageous efforts in founding a movement to put an end to the violent conflict in Northern Ireland""",,,,1943,33,1970,for the courageous efforts in founding a movement to put an end to the violent conflict in northern ireland
536,Mairead,Corrigan,1944-01-27,,Northern Ireland,GB,Belfast,,,,Female,1976,Peace,,2,"""for the courageous efforts in founding a movement to put an end to the violent conflict in Northern Ireland""",,,,1944,32,1970,for the courageous efforts in founding a movement to put an end to the violent conflict in northern ireland
538,Anwar,al-Sadat,1918-12-25,1981-10-06,Egypt,EG,Mit Abu al-Kawm,Egypt,EG,Cairo,Male,1978,Peace,,2,"""for jointly having negotiated peace between Egypt and Israel in 1978""",,,,1918,60,1970,for jointly having negotiated peace between egypt and israel in 1978
539,Menachem,Begin,1913-08-16,1992-03-09,Russian Empire (now Belarus),BY,Brest Litovsk,Israel,IL,Tel Aviv,Male,1978,Peace,,2,"""for jointly having negotiated peace between Egypt and Israel in 1978""",,,,1913,65,1970,for jointly having negotiated peace between egypt and israel in 1978
540,Anjezë Gonxhe,Bojaxhiu,1910-08-26,1997-09-05,Ottoman Empire (now North Macedonia),MK,Uskup (now Skopje),India,IN,Calcutta,Female,1979,Peace,,1,"""for her work for bringing help to suffering humanity""",,,,1910,69,1970,for her work for bringing help to suffering humanity
541,Adolfo,Pérez Esquivel,1931-11-26,,Argentina,AR,Buenos Aires,,,,Male,1980,Peace,,1,"""for being a source of inspiration to repressed people especially in Latin America""",,,,1931,49,1980,for being a source of inspiration to repressed people especially in latin america
543,Alva,Myrdal,1902-01-31,1986-02-01,Sweden,SE,Uppsala,Sweden,SE,Stockholm,Female,1982,Peace,,2,"""for their work for disarmament and nuclear and weapon-free zones""",,,,1902,80,1980,for their work for disarmament and nuclear and weapon free zones
544,Alfonso,García Robles,1911-03-20,1991-09-02,Mexico,MX,Zamora,Mexico,MX,Mexico City,Male,1982,Peace,,2,"""for their work for disarmament and nuclear and weapon-free zones""",,,,1911,71,1980,for their work for disarmament and nuclear and weapon free zones
545,Lech,Walesa,1943-09-29,,Poland,PL,Popowo,,,,Male,1983,Peace,,1,"""for non-violent struggle for free trade unions and human rights in Poland""",,,,1943,40,1980,for non violent struggle for free trade unions and human rights in poland
546,Desmond,Tutu,1931-10-07,2021-12-26,South Africa,ZA,Klerksdorp,South Africa,ZA,Cape Town,Male,1984,Peace,,1,"""for his role as a unifying leader figure in the non-violent campaign to resolve the problem of apartheid in South Africa""",,,,1931,53,1980,for his role as a unifying leader figure in the non violent campaign to resolve the problem of apartheid in south africa
548,Elie,Wiesel,1928-09-30,2016-07-02,Romania,RO,Sighet,USA,US,New York NY,Male,1986,Peace,,1,"""for being a messenger to mankind: his message is one of peace atonement and dignity""",,,,1928,58,1980,for being a messenger to mankind his message is one of peace atonement and dignity
549,Oscar,Arias Sánchez,1940-09-13,,Costa Rica,CR,Heredia,,,,Male,1987,Peace,,1,"""for his work for lasting peace in Central America""",,,,1940,47,1980,for his work for lasting peace in central america
551,Lhamo,Thondup,1935-07-06,,Tibet (now China),CN,Taktser,,,,Male,1989,Peace,,1,"""for advocating peaceful solutions based upon tolerance and mutual respect in order to preserve the historical and cultural heritage of his people""",,,,1935,54,1980,for advocating peaceful solutions based upon tolerance and mutual respect in order to preserve the historical and cultural heritage of his people
552,Mikhail,Gorbachev,1931-03-02,2022-08-30,USSR (now Russia),RU,Privolnoye,Russia,RU,Moscow,Male,1990,Peace,,1,"""for the leading role he played in the radical changes in East-West relations""",,,,1931,59,1990,for the leading role he played in the radical changes in east west relations
553,Aung San Suu Kyi,,1945-06-19,,Burma (now Myanmar),MM,Rangoon (now Yangon),,,,Female,1991,Peace,,1,"""for her non-violent struggle for democracy and human rights""",,,,1945,46,1990,for her non violent struggle for democracy and human rights
554,Rigoberta,Menchú Tum,1959-01-09,,Guatemala,GT,Aldea Chimel,,,,Female,1992,Peace,,1,"""for her struggle for social justice and ethno-cultural reconciliation based on respect for the rights of indigenous peoples""",,,,1959,33,1990,for her struggle for social justice and ethno cultural reconciliation based on respect for the rights of indigenous peoples
555,Nelson,Mandela,1918-07-18,2013-12-05,South Africa,ZA,Qunu,South Africa,ZA,Johannesburg,Male,1993,Peace,,2,"""for their work for the peaceful termination of the apartheid regime and for laying the foundations for a new democratic South Africa""",,,,1918,75,1990,for their work for the peaceful termination of the apartheid regime and for laying the foundations for a new democratic south africa
556,F.W.,de Klerk,1936-03-18,2021-11-11,South Africa,ZA,Johannesburg,South Africa,ZA,Cape Town,Male,1993,Peace,,2,"""for their work for the peaceful termination of the apartheid regime and for laying the foundations for a new democratic South Africa""",,,,1936,57,1990,for their work for the peaceful termination of the apartheid regime and for laying the foundations for a new democratic south africa
557,Yasser,Arafat,1929-08-24,2004-11-11,Egypt,EG,Cairo,France,FR,Paris,Male,1994,Peace,,3,"""for their efforts to create peace in the Middle East""",,,,1929,65,1990,for their efforts to create peace in the middle east
558,Shimon,Peres,1923-08-16,2016-09-28,Poland (now Belarus),BY,Vishneva,Israel,IL,Tel Aviv,Male,1994,Peace,,3,"""for their efforts to create peace in the Middle East""",,,,1923,71,1990,for their efforts to create peace in the middle east
559,Yitzhak,Rabin,1922-03-01,1995-11-04,British Mandate of Palestine (now Israel),IL,Jerusalem,Israel,IL,Tel Aviv,Male,1994,Peace,,3,"""for their efforts to create peace in the Middle East""",,,,1922,72,1990,for their efforts to create peace in the middle east
560,Joseph,Rotblat,1908-11-04,2005-08-31,Russian Empire (now Poland),PL,Warsaw,United Kingdom,GB,London,Male,1995,Peace,,2,"""for their efforts to diminish the part played by nuclear arms in international politics and in the longer run to eliminate such arms""",,,,1908,87,1990,for their efforts to diminish the part played by nuclear arms in international politics and in the longer run to eliminate such arms
562,Carlos Filipe Ximenes,Belo,1948-02-03,,East Timor,TL,Wailacama,,,,Male,1996,Peace,,2,"""for their work towards a just and peaceful solution to the conflict in East Timor""",,,,1948,48,1990,for their work towards a just and peaceful solution to the conflict in east timor
563,José,Ramos-Horta,1949-12-26,,East Timor,TL,Dili,,,,Male,1996,Peace,,2,"""for their work towards a just and peaceful solution to the conflict in East Timor""",,,,1949,47,1990,for their work towards a just and peaceful solution to the conflict in east timor
565,Jody,Williams,1950-10-09,,USA,US,Putney VT,,,,Female,1997,Peace,,2,"""for their work for the banning and clearing of anti-personnel mines""",,,,1950,47,1990,for their work for the banning and clearing of anti personnel mines
566,John,Hume,1937-01-18,2020-08-03,Northern Ireland,GB,Londonderry,Northern Ireland,GB,Londonderry,Male,1998,Peace,,2,"""for their efforts to find a peaceful solution to the conflict in Northern Ireland""",,,,1937,61,1990,for their efforts to find a peaceful solution to the conflict in northern ireland
567,David,Trimble,1944-10-15,2022-07-25,Northern Ireland,GB,Belfast,Northern Ireland,GB,Belfast,Male,1998,Peace,,2,"""for their efforts to find a peaceful solution to the conflict in Northern Ireland""",,,,1944,54,1990,for their efforts to find a peaceful solution to the conflict in northern ireland
569,Sully,Prudhomme,1839-03-16,1907-09-07,France,FR,Paris,France,FR,Châtenay,Male,1901,Literature,,1,"""in special recognition of his poetic composition which gives evidence of lofty idealism artistic perfection and a rare combination of the qualities of both heart and intellect""",,,,1839,62,1900,in special recognition of his poetic composition which gives evidence of lofty idealism artistic perfection and a rare combination of the qualities of both heart and intellect
571,Theodor,Mommsen,1817-11-30,1903-11-01,Schleswig (now Germany),DE,Garding,Germany,DE,Charlottenburg,Male,1902,Literature,,1,"""the greatest living master of the art of historical writing with special reference to his monumental work <I>A history of Rome</I>""",,,,1817,85,1900,the greatest living master of the art of historical writing with special reference to his monumental work i a history of rome i
572,Bjørnstjerne,Bjørnson,1832-12-08,1910-04-26,Norway,NO,Kvikne,France,FR,Paris,Male,1903,Literature,,1,"""as a tribute to his noble magnificent and versatile poetry which has always been distinguished by both the freshness of its inspiration and the rare purity of its spirit""",,,,1832,71,1900,as a tribute to his noble magnificent and versatile poetry which has always been distinguished by both the freshness of its inspiration and the rare purity of its spirit
573,Frédéric,Mistral,1830-09-08,1914-03-25,France,FR,Maillane,France,FR,Maillane,Male,1904,Literature,,2,"""in recognition of the fresh originality and true inspiration of his poetic production which faithfully reflects the natural scenery and native spirit of his people and in addition his significant work as a Proven&ccedil;al philologist""",,,,1830,74,1900,in recognition of the fresh originality and true inspiration of his poetic production which faithfully reflects the natural scenery and native spirit of his people and in addition his significant work as a proven ccedil al philologist
574,José,Echegaray,1832-04-19,1916-09-04,Spain,ES,Madrid,Spain,ES,Madrid,Male,1904,Literature,,2,"""in recognition of the numerous and brilliant compositions which in an individual and original manner have revived the great traditions of the Spanish drama""",,,,1832,72,1900,in recognition of the numerous and brilliant compositions which in an individual and original manner have revived the great traditions of the spanish drama
575,Henryk,Sienkiewicz,1846-05-05,1916-11-15,Poland,PL,Wola Okrzejska,Switzerland,CH,Vevey,Male,1905,Literature,,1,"""because of his outstanding merits as an epic writer""",,,,1846,59,1900,because of his outstanding merits as an epic writer
576,Giosuè,Carducci,1835-07-27,1907-02-16,Tuscany (now Italy),IT,Val di Castello,Italy,IT,Bologna,Male,1906,Literature,,1,"""not only in consideration of his deep learning and critical research but above all as a tribute to the creative energy freshness of style and lyrical force which characterize his poetic masterpieces""",,,,1835,71,1900,not only in consideration of his deep learning and critical research but above all as a tribute to the creative energy freshness of style and lyrical force which characterize his poetic masterpieces
577,Rudyard,Kipling,1865-12-30,1936-01-18,British India (now India),IN,Bombay (now Mumbai),United Kingdom,GB,London,Male,1907,Literature,,1,"""in consideration of the power of observation originality of imagination virility of ideas and remarkable talent for narration which characterize the creations of this world-famous author""",,,,1865,42,1900,in consideration of the power of observation originality of imagination virility of ideas and remarkable talent for narration which characterize the creations of this world famous author
578,Rudolf,Eucken,1846-01-05,1926-09-14,East Friesland (now Germany),DE,Aurich,Germany,DE,Jena,Male,1908,Literature,,1,"""in recognition of his earnest search for truth his penetrating power of thought his wide range of vision and the warmth and strength in presentation with which in his numerous works he has vindicated and developed an idealistic philosophy of life""",,,,1846,62,1900,in recognition of his earnest search for truth his penetrating power of thought his wide range of vision and the warmth and strength in presentation with which in his numerous works he has vindicated and developed an idealistic philosophy of life
579,Selma,Lagerlöf,1858-11-20,1940-03-16,Sweden,SE,Mårbacka,Sweden,SE,Mårbacka,Female,1909,Literature,,1,"""in appreciation of the lofty idealism vivid imagination and spiritual perception that characterize her writings""",,,,1858,51,1900,in appreciation of the lofty idealism vivid imagination and spiritual perception that characterize her writings
580,Paul,Heyse,1830-03-15,1914-04-02,Prussia (now Germany),DE,Berlin,Germany,DE,Munich,Male,1910,Literature,,1,"""as a tribute to the consummate artistry permeated with idealism which he has demonstrated during his long productive career as a lyric poet dramatist novelist and writer of world-renowned short stories""",,,,1830,80,1910,as a tribute to the consummate artistry permeated with idealism which he has demonstrated during his long productive career as a lyric poet dramatist novelist and writer of world renowned short stories
581,Maurice,Maeterlinck,1862-08-29,1949-05-06,Belgium,BE,Ghent,France,FR,Nice,Male,1911,Literature,,1,"""in appreciation of his many-sided literary activities and especially of his dramatic works which are distinguished by a wealth of imagination and by a poetic fancy which reveals sometimes in the guise of a fairy tale a deep inspiration while in a mysterious way they appeal to the readers' own feelings and stimulate their imaginations""",,,,1862,49,1910,in appreciation of his many sided literary activities and especially of his dramatic works which are distinguished by a wealth of imagination and by a poetic fancy which reveals sometimes in the guise of a fairy tale a deep inspiration while in a mysterious way they appeal to the readers own feelings and stimulate their imaginations
582,Gerhart,Hauptmann,1862-11-15,1946-06-06,Prussia (now Poland),PL,Bad Salzbrunn,Germany (now Poland),PL,Agnetendorf (now Jagniatków),Male,1912,Literature,,1,"""primarily in recognition of his fruitful varied and outstanding production in the realm of dramatic art""",,,,1862,50,1910,primarily in recognition of his fruitful varied and outstanding production in the realm of dramatic art
583,Rabindranath,Tagore,1861-05-07,1941-08-07,India,IN,Calcutta,India,IN,Calcutta,Male,1913,Literature,,1,"""because of his profoundly sensitive fresh and beautiful verse by which with consummate skill he has made his poetic thought expressed in his own English words a part of the literature of the West""",,,,1861,52,1910,because of his profoundly sensitive fresh and beautiful verse by which with consummate skill he has made his poetic thought expressed in his own english words a part of the literature of the west
584,Romain,Rolland,1866-01-29,1944-12-30,France,FR,Clamecy,France,FR,Vézelay,Male,1915,Literature,,1,"""as a tribute to the lofty idealism of his literary production and to the sympathy and love of truth with which he has described different types of human beings""",,,,1866,49,1910,as a tribute to the lofty idealism of his literary production and to the sympathy and love of truth with which he has described different types of human beings
585,Verner,von Heidenstam,1859-07-06,1940-05-20,Sweden,SE,Olshammar,Sweden,SE,Övralid,Male,1916,Literature,,1,"""in recognition of his significance as the leading representative of a new era in our literature""",,,,1859,57,1910,in recognition of his significance as the leading representative of a new era in our literature
586,Karl,Gjellerup,1857-06-02,1919-10-11,Denmark,DK,Roholte,Germany,DE,Klotzsche,Male,1917,Literature,,2,"""for his varied and rich poetry which is inspired by lofty ideals""",,,,1857,60,1910,for his varied and rich poetry which is inspired by lofty ideals
587,Henrik,Pontoppidan,1857-07-24,1943-08-21,Denmark,DK,Fredericia,Denmark,DK,Ordrup,Male,1917,Literature,,2,"""for his authentic descriptions of present-day life in Denmark""",,,,1857,60,1910,for his authentic descriptions of present day life in denmark
588,Carl,Spitteler,1845-04-24,1924-12-29,Switzerland,CH,Liestal,Switzerland,CH,Lucerne,Male,1919,Literature,,1,"""in special appreciation of his epic <I>Olympian Spring</I>""",,,,1845,74,1910,in special appreciation of his epic i olympian spring i
589,Knut,Hamsun,1859-08-04,1952-02-19,Norway,NO,Lom,Norway,NO,Grimstad,Male,1920,Literature,,1,"""for his monumental work <I>Growth of the Soil</I>""",,,,1859,61,1920,for his monumental work i growth of the soil i
590,Anatole,France,1844-04-16,1924-10-12,France,FR,Paris,France,FR,Saint-Cyr-sur-Loire,Male,1921,Literature,,1,"""in recognition of his brilliant literary achievements characterized as they are by a nobility of style a profound human sympathy grace and a true Gallic temperament""",,,,1844,77,1920,in recognition of his brilliant literary achievements characterized as they are by a nobility of style a profound human sympathy grace and a true gallic temperament
592,Jacinto,Benavente,1866-08-12,1954-07-14,Spain,ES,Madrid,Spain,ES,Madrid,Male,1922,Literature,,1,"""for the happy manner in which he has continued the illustrious traditions of the Spanish drama""",,,,1866,56,1920,for the happy manner in which he has continued the illustrious traditions of the spanish drama
593,William Butler,Yeats,1865-06-13,1939-01-28,Ireland,IE,Dublin,France,FR,Roquebrune-Cap-Martin,Male,1923,Literature,,1,"""for his always inspired poetry which in a highly artistic form gives expression to the spirit of a whole nation""",,,,1865,58,1920,for his always inspired poetry which in a highly artistic form gives expression to the spirit of a whole nation
594,Wladyslaw,Reymont,1867-05-07,1925-12-05,Russian Empire (now Poland),PL,Kobiele Wielkie,Poland,PL,Warsaw,Male,1924,Literature,,1,"""for his great national epic <I>The Peasants</I>""",,,,1867,57,1920,for his great national epic i the peasants i
596,George Bernard,Shaw,1856-07-26,1950-11-02,Ireland,IE,Dublin,United Kingdom,GB,Ayot St. Lawrence,Male,1925,Literature,,1,"""for his work which is marked by both idealism and humanity its stimulating satire often being infused with a singular poetic beauty""",,,,1856,69,1920,for his work which is marked by both idealism and humanity its stimulating satire often being infused with a singular poetic beauty
597,Grazia,Deledda,1871-09-27,1936-08-15,Italy,IT,Nuoro Sardinia,Italy,IT,Rome,Female,1926,Literature,,1,"""for her idealistically inspired writings which with plastic clarity picture the life on her native island and with depth and sympathy deal with human problems in general""",,,,1871,55,1920,for her idealistically inspired writings which with plastic clarity picture the life on her native island and with depth and sympathy deal with human problems in general
600,Henri,Bergson,1859-10-18,1941-01-04,France,FR,Paris,France,FR,Paris,Male,1927,Literature,,1,"""in recognition of his rich and vitalizing ideas and the brilliant skill with which they have been presented""",,,,1859,68,1920,in recognition of his rich and vitalizing ideas and the brilliant skill with which they have been presented
601,Sigrid,Undset,1882-05-20,1949-06-10,Denmark,DK,Kalundborg,Norway,NO,Lillehammer,Female,1928,Literature,,1,"""principally for her powerful descriptions of Northern life during the Middle Ages""",,,,1882,46,1920,principally for her powerful descriptions of northern life during the middle ages
602,Thomas,Mann,1875-06-06,1955-08-12,Germany,DE,Lübeck,Switzerland,CH,Zurich,Male,1929,Literature,,1,"""principally for his great novel <I>Buddenbrooks</I> which has won steadily increased recognition as one of the classic works of contemporary literature""",,,,1875,54,1920,principally for his great novel i buddenbrooks i which has won steadily increased recognition as one of the classic works of contemporary literature
603,Sinclair,Lewis,1885-02-07,1951-01-10,USA,US,Sauk Centre MN,Italy,IT,Rome,Male,1930,Literature,,1,"""for his vigorous and graphic art of description and his ability to create with wit and humour new types of characters""",,,,1885,45,1930,for his vigorous and graphic art of description and his ability to create with wit and humour new types of characters
604,Erik Axel,Karlfeldt,1864-07-20,1931-04-08,Sweden,SE,Karlbo,Sweden,SE,Stockholm,Male,1931,Literature,,1,"""The poetry of Erik Axel Karlfeldt""",,,,1864,67,1930,the poetry of erik axel karlfeldt
605,John,Galsworthy,1867-08-14,1933-01-31,United Kingdom,GB,Kingston Hill,United Kingdom,GB,London,Male,1932,Literature,,1,"""for his distinguished art of narration which takes its highest form in <I>The Forsyte Saga</I>""",,,,1867,65,1930,for his distinguished art of narration which takes its highest form in i the forsyte saga i
606,Ivan,Bunin,1870-10-22,1953-11-08,Russia,RU,Voronezh,France,FR,Paris,Male,1933,Literature,,1,"""for the strict artistry with which he has carried on the classical Russian traditions in prose writing""",,,,1870,63,1930,for the strict artistry with which he has carried on the classical russian traditions in prose writing
607,Luigi,Pirandello,1867-06-28,1936-12-10,Italy,IT,Agrigento Sicily,Italy,IT,Rome,Male,1934,Literature,,1,"""for his bold and ingenious revival of dramatic and scenic art""",,,,1867,67,1930,for his bold and ingenious revival of dramatic and scenic art
608,Eugene,O'Neill,1888-10-16,1953-11-27,USA,US,New York NY,USA,US,Boston MA,Male,1936,Literature,,1,"""for the power honesty and deep-felt emotions of his dramatic works which embody an original concept of tragedy""",,,,1888,48,1930,for the power honesty and deep felt emotions of his dramatic works which embody an original concept of tragedy
609,Roger,Martin du Gard,1881-03-23,1958-08-22,France,FR,Neuilly-sur-Seine,France,FR,Bellême,Male,1937,Literature,,1,"""for the artistic power and truth with which he has depicted human conflict as well as some fundamental aspects of contemporary life in his novel-cycle <I>Les Thibault</I>""",,,,1881,56,1930,for the artistic power and truth with which he has depicted human conflict as well as some fundamental aspects of contemporary life in his novel cycle i les thibault i
610,Pearl,Buck,1892-06-26,1973-03-06,USA,US,Hillsboro WV,USA,US,Danby VT,Female,1938,Literature,,1,"""for her rich and truly epic descriptions of peasant life in China and for her biographical masterpieces""",,,,1892,46,1930,for her rich and truly epic descriptions of peasant life in china and for her biographical masterpieces
613,Frans Eemil,Sillanpää,1888-09-16,1964-06-03,Russian Empire (now Finland),FI,Hämeenkyrö,Finland,FI,Helsinki,Male,1939,Literature,,1,"""for his deep understanding of his country's peasantry and the exquisite art with which he has portrayed their way of life and their relationship with Nature""",,,,1888,51,1930,for his deep understanding of his country s peasantry and the exquisite art with which he has portrayed their way of life and their relationship with nature
614,Johannes V.,Jensen,1873-01-20,1950-11-25,Denmark,DK,Farsø,Denmark,DK,Copenhagen,Male,1944,Literature,,1,"""for the rare strength and fertility of his poetic imagination with which is combined an intellectual curiosity of wide scope and a bold freshly creative style""",,,,1873,71,1940,for the rare strength and fertility of his poetic imagination with which is combined an intellectual curiosity of wide scope and a bold freshly creative style
615,Gabriela,Mistral,1889-04-07,1957-01-10,Chile,CL,Vicuña,USA,US,Hempstead NY,Female,1945,Literature,,1,"""for her lyric poetry which inspired by powerful emotions has made her name a symbol of the idealistic aspirations of the entire Latin American world""",,,,1889,56,1940,for her lyric poetry which inspired by powerful emotions has made her name a symbol of the idealistic aspirations of the entire latin american world
617,Hermann,Hesse,1877-07-02,1962-08-09,Germany,DE,Calw,Switzerland,CH,Montagnola,Male,1946,Literature,,1,"""for his inspired writings which while growing in boldness and penetration exemplify the classical humanitarian ideals and high qualities of style""",,,,1877,69,1940,for his inspired writings which while growing in boldness and penetration exemplify the classical humanitarian ideals and high qualities of style
618,André,Gide,1869-11-22,1951-02-19,France,FR,Paris,France,FR,Paris,Male,1947,Literature,,1,"""for his comprehensive and artistically significant writings in which human problems and conditions have been presented with a fearless love of truth and keen psychological insight""",,,,1869,78,1940,for his comprehensive and artistically significant writings in which human problems and conditions have been presented with a fearless love of truth and keen psychological insight
619,T.S.,Eliot,1888-09-26,1965-01-04,USA,US,St. Louis MO,United Kingdom,GB,London,Male,1948,Literature,,1,"""for his outstanding pioneer contribution to present-day poetry""",,,,1888,60,1940,for his outstanding pioneer contribution to present day poetry
620,William,Faulkner,1897-09-25,1962-07-06,USA,US,New Albany MS,USA,US,Byhalia MS,Male,1949,Literature,,1,"""for his powerful and artistically unique contribution to the modern American novel""",,,,1897,52,1940,for his powerful and artistically unique contribution to the modern american novel
621,Bertrand,Russell,1872-05-18,1970-02-02,United Kingdom,GB,Trelleck,United Kingdom,GB,Penrhyndeudraeth,Male,1950,Literature,,1,"""in recognition of his varied and significant writings in which he champions humanitarian ideals and freedom of thought""",,,,1872,78,1950,in recognition of his varied and significant writings in which he champions humanitarian ideals and freedom of thought
622,Pär,Lagerkvist,1891-05-23,1974-07-11,Sweden,SE,Växjö,Sweden,SE,Stockholm,Male,1951,Literature,,1,"""for the artistic vigour and true independence of mind with which he endeavours in his poetry to find answers to the eternal questions confronting mankind""",,,,1891,60,1950,for the artistic vigour and true independence of mind with which he endeavours in his poetry to find answers to the eternal questions confronting mankind
623,François,Mauriac,1885-10-11,1970-09-01,France,FR,Bordeaux,France,FR,Paris,Male,1952,Literature,,1,"""for the deep spiritual insight and the artistic intensity with which he has in his novels penetrated the drama of human life""",,,,1885,67,1950,for the deep spiritual insight and the artistic intensity with which he has in his novels penetrated the drama of human life
624,Winston,Churchill,1874-11-30,1965-01-24,United Kingdom,GB,Woodstock,United Kingdom,GB,London,Male,1953,Literature,,1,"""for his mastery of historical and biographical description as well as for brilliant oratory in defending exalted human values""",,,,1874,79,1950,for his mastery of historical and biographical description as well as for brilliant oratory in defending exalted human values
625,Ernest,Hemingway,1899-07-21,1961-07-02,USA,US,Oak Park IL,USA,US,Ketchum ID,Male,1954,Literature,,1,"""for his mastery of the art of narrative most recently demonstrated in <I>The Old Man and the Sea</I> and for the influence that he has exerted on contemporary style""",,,,1899,55,1950,for his mastery of the art of narrative most recently demonstrated in i the old man and the sea i and for the influence that he has exerted on contemporary style
626,Halldór,Laxness,1902-04-23,1998-02-08,Iceland,IS,Reykjavik,Iceland,IS,Reykjavik,Male,1955,Literature,,1,"""for his vivid epic power which has renewed the great narrative art of Iceland""",,,,1902,53,1950,for his vivid epic power which has renewed the great narrative art of iceland
627,Juan Ramón,Jiménez,1881-12-24,1958-05-29,Spain,ES,Moguer,Puerto Rico,PR,San Juan,Male,1956,Literature,,1,"""for his lyrical poetry which in Spanish language constitutes an example of high spirit and artistical purity""",,,,1881,75,1950,for his lyrical poetry which in spanish language constitutes an example of high spirit and artistical purity
628,Albert,Camus,1913-11-07,1960-01-04,French Algeria (now Algeria),DZ,Mondovi,France,FR,Sens,Male,1957,Literature,,1,"""for his important literary production which with clear-sighted earnestness illuminates the problems of the human conscience in our times""",,,,1913,44,1950,for his important literary production which with clear sighted earnestness illuminates the problems of the human conscience in our times
629,Boris,Pasternak,1890-02-10,1960-05-30,Russia,RU,Moscow,Russia,RU,Peredelkino,Male,1958,Literature,,1,"""for his important achievement both in contemporary lyrical poetry and in the field of the great Russian epic tradition""",,,,1890,68,1950,for his important achievement both in contemporary lyrical poetry and in the field of the great russian epic tradition
630,Salvatore,Quasimodo,1901-08-20,1968-06-14,Italy,IT,Modica,Italy,IT,Naples,Male,1959,Literature,,1,"""for his lyrical poetry which with classical fire expresses the tragic experience of life in our own times""",,,,1901,58,1950,for his lyrical poetry which with classical fire expresses the tragic experience of life in our own times
631,Saint-John,Perse,1887-05-31,1975-09-20,Guadeloupe Island,GP,Pointe-à-Pitre,France,FR,Presqu'île-de-Giens,Male,1960,Literature,,1,"""for the soaring flight and the evocative imagery of his poetry which in a visionary fashion reflects the conditions of our time""",,,,1887,73,1960,for the soaring flight and the evocative imagery of his poetry which in a visionary fashion reflects the conditions of our time
633,Ivo,Andric,1892-10-10,1975-03-13,Bosnia (now Bosnia and Herzegovina),BA,Dolac,Yugoslavia (now Serbia),RS,Belgrade,Male,1961,Literature,,1,"""for the epic force with which he has traced themes and depicted human destinies drawn from the history of his country""",,,,1892,69,1960,for the epic force with which he has traced themes and depicted human destinies drawn from the history of his country
634,John,Steinbeck,1902-02-27,1968-12-20,USA,US,Salinas CA,USA,US,New York NY,Male,1962,Literature,,1,"""for his realistic and imaginative writings combining as they do sympathetic humour and keen social perception""",,,,1902,60,1960,for his realistic and imaginative writings combining as they do sympathetic humour and keen social perception
635,Giorgos,Seferis,1900-03-13,1971-09-20,Ottoman Empire (now Turkey),TR,Smyrna (now Izmir),Greece,GR,Athens,Male,1963,Literature,,1,"""for his eminent lyrical writing inspired by a deep feeling for the Hellenic world of culture""",,,,1900,63,1960,for his eminent lyrical writing inspired by a deep feeling for the hellenic world of culture
637,Jean-Paul,Sartre,1905-06-21,1980-04-15,France,FR,Paris,France,FR,Paris,Male,1964,Literature,,1,"""for his work which rich in ideas and filled with the spirit of freedom and the quest for truth has exerted a far-reaching influence on our age""",,,,1905,59,1960,for his work which rich in ideas and filled with the spirit of freedom and the quest for truth has exerted a far reaching influence on our age
638,Mikhail,Sholokhov,1905-05-24,1984-02-21,Russia,RU,Veshenskaya,USSR (now Russia),RU,Veshenskaya,Male,1965,Literature,,1,"""for the artistic power and integrity with which in his epic of the Don he has given expression to a historic phase in the life of the Russian people""",,,,1905,60,1960,for the artistic power and integrity with which in his epic of the don he has given expression to a historic phase in the life of the russian people
639,Shmuel,Agnon,1888-07-17,1970-02-17,Austria-Hungary (now Ukraine),UA,Buczacz (now Buchach),Israel,IL,Rehovot,Male,1966,Literature,,2,"""for his profoundly characteristic narrative art with motifs from the life of the Jewish people""",,,,1888,78,1960,for his profoundly characteristic narrative art with motifs from the life of the jewish people
640,Nelly,Sachs,1891-12-10,1970-05-12,Germany,DE,Berlin,Sweden,SE,Stockholm,Female,1966,Literature,,2,"""for her outstanding lyrical and dramatic writing which interprets Israel's destiny with touching strength""",,,,1891,75,1960,for her outstanding lyrical and dramatic writing which interprets israel s destiny with touching strength
641,Miguel Angel,Asturias,1899-10-19,1974-06-09,Guatemala,GT,Guatemala City,Spain,ES,Madrid,Male,1967,Literature,,1,"""for his vivid literary achievement deep-rooted in the national traits and traditions of Indian peoples of Latin America""",,,,1899,68,1960,for his vivid literary achievement deep rooted in the national traits and traditions of indian peoples of latin america
642,Yasunari,Kawabata,1899-06-11,1972-04-16,Japan,JP,Osaka,Japan,JP,Zushi,Male,1968,Literature,,1,"""for his narrative mastery which with great sensibility expresses the essence of the Japanese mind""",,,,1899,69,1960,for his narrative mastery which with great sensibility expresses the essence of the japanese mind
643,Samuel,Beckett,1906-04-13,1989-12-22,Ireland,IE,Dublin,France,FR,Paris,Male,1969,Literature,,1,"""for his writing which - in new forms for the novel and drama - in the destitution of modern man acquires its elevation""",,,,1906,63,1960,for his writing which in new forms for the novel and drama in the destitution of modern man acquires its elevation
644,Alexandr,Solzhenitsyn,1918-12-11,2008-08-03,Russia,RU,Kislovodsk,Russia,RU,Troitse-Lykovo,Male,1970,Literature,,1,"""for the ethical force with which he has pursued the indispensable traditions of Russian literature""",,,,1918,52,1970,for the ethical force with which he has pursued the indispensable traditions of russian literature
645,Pablo,Neruda,1904-07-12,1973-09-23,Chile,CL,Parral,Chile,CL,Santiago,Male,1971,Literature,,1,"""for a poetry that with the action of an elemental force brings alive a continent's destiny and dreams""",,,,1904,67,1970,for a poetry that with the action of an elemental force brings alive a continent s destiny and dreams
647,Heinrich,Böll,1917-12-21,1985-07-16,Germany,DE,Cologne,West Germany (now Germany),DE,Bornheim-Merten,Male,1972,Literature,,1,"""for his writing which through its combination of a broad perspective on his time and a sensitive skill in characterization has contributed to a renewal of German literature""",,,,1917,55,1970,for his writing which through its combination of a broad perspective on his time and a sensitive skill in characterization has contributed to a renewal of german literature
648,Patrick,White,1912-05-28,1990-09-30,United Kingdom,GB,London,Australia,AU,Sydney,Male,1973,Literature,,1,"""for an epic and psychological narrative art which has introduced a new continent into literature""",,,,1912,61,1970,for an epic and psychological narrative art which has introduced a new continent into literature
649,Eyvind,Johnson,1900-07-29,1976-08-25,Sweden,SE,Svartbjörnsbyn,Sweden,SE,Stockholm,Male,1974,Literature,,2,"""for a narrative art far-seeing in lands and ages in the service of freedom""",,,,1900,74,1970,for a narrative art far seeing in lands and ages in the service of freedom
650,Harry,Martinson,1904-05-06,1978-02-11,Sweden,SE,Jämshög,Sweden,SE,Stockholm,Male,1974,Literature,,2,"""for writings that catch the dewdrop and reflect the cosmos""",,,,1904,70,1970,for writings that catch the dewdrop and reflect the cosmos
651,Eugenio,Montale,1896-10-12,1981-09-12,Italy,IT,Genoa,Italy,IT,Milan,Male,1975,Literature,,1,"""for his distinctive poetry which with great artistic sensitivity has interpreted human values under the sign of an outlook on life with no illusions""",,,,1896,79,1970,for his distinctive poetry which with great artistic sensitivity has interpreted human values under the sign of an outlook on life with no illusions
652,Saul,Bellow,1915-06-10,2005-04-05,Canada,CA,Montreal,USA,US,Brookline MA,Male,1976,Literature,,1,"""for the human understanding and subtle analysis of contemporary culture that are combined in his work""",,,,1915,61,1970,for the human understanding and subtle analysis of contemporary culture that are combined in his work
653,Vicente,Aleixandre,1898-04-26,1984-12-14,Spain,ES,Sevilla,Spain,ES,Madrid,Male,1977,Literature,,1,"""for a creative poetic writing which illuminates man's condition in the cosmos and in present-day society at the same time representing the great renewal of the traditions of Spanish poetry between the wars""",,,,1898,79,1970,for a creative poetic writing which illuminates man s condition in the cosmos and in present day society at the same time representing the great renewal of the traditions of spanish poetry between the wars
654,Isaac Bashevis,Singer,1904-07-14,1991-07-24,Russian Empire (now Poland),PL,Leoncin,USA,US,Surfside FL,Male,1978,Literature,,1,"""for his impassioned narrative art which with roots in a Polish-Jewish cultural tradition brings universal human conditions to life""",,,,1904,74,1970,for his impassioned narrative art which with roots in a polish jewish cultural tradition brings universal human conditions to life
655,Odysseus,Elytis,1911-11-02,1996-03-18,Crete (now Greece),GR,Iráklion,Greece,GR,Athens,Male,1979,Literature,,1,"""for his poetry which against the background of Greek tradition depicts with sensuous strength and intellectual clear-sightedness modern man's struggle for freedom and creativeness""",,,,1911,68,1970,for his poetry which against the background of greek tradition depicts with sensuous strength and intellectual clear sightedness modern man s struggle for freedom and creativeness
657,Czeslaw,Milosz,1911-06-30,2004-08-14,Russian Empire (now Lithuania),LT,Śeteniai,Poland,PL,Kraków,Male,1980,Literature,,1,"""who with uncompromising clear-sightedness voices man's exposed condition in a world of severe conflicts""",,,,1911,69,1980,who with uncompromising clear sightedness voices man s exposed condition in a world of severe conflicts
658,Elias,Canetti,1905-07-25,1994-08-14,Bulgaria,BG,Ruse,Switzerland,CH,Zurich,Male,1981,Literature,,1,"""for writings marked by a broad outlook a wealth of ideas and artistic power""",,,,1905,76,1980,for writings marked by a broad outlook a wealth of ideas and artistic power
659,Gabriel,García Márquez,1927-03-06,2014-04-17,Colombia,CO,Aracataca,Mexico,MX,Mexico City,Male,1982,Literature,,1,"""for his novels and short stories in which the fantastic and the realistic are combined in a richly composed world of imagination reflecting a continent's life and conflicts""",,,,1927,55,1980,for his novels and short stories in which the fantastic and the realistic are combined in a richly composed world of imagination reflecting a continent s life and conflicts
660,William,Golding,1911-09-19,1993-06-19,United Kingdom,GB,St. Columb Minor,United Kingdom,GB,Perranarworthal,Male,1983,Literature,,1,"""for his novels which with the perspicuity of realistic narrative art and the diversity and universality of myth illuminate the human condition in the world of today""",,,,1911,72,1980,for his novels which with the perspicuity of realistic narrative art and the diversity and universality of myth illuminate the human condition in the world of today
661,Jaroslav,Seifert,1901-09-23,1986-01-10,Austria-Hungary (now Czech Republic),CZ,Prague,Czechoslovakia (now Czech Republic),CZ,Prague,Male,1984,Literature,,1,"""for his poetry which endowed with freshness sensuality and rich inventiveness provides a liberating image of the indomitable spirit and versatility of man""",,,,1901,83,1980,for his poetry which endowed with freshness sensuality and rich inventiveness provides a liberating image of the indomitable spirit and versatility of man
662,Claude,Simon,1913-10-10,2005-07-06,Madagascar,MG,Tananarive (now Antananarivo),France,FR,Paris,Male,1985,Literature,,1,"""who in his novel combines the poet's and the painter's creativeness with a deepened awareness of time in the depiction of the human condition""",,,,1913,72,1980,who in his novel combines the poet s and the painter s creativeness with a deepened awareness of time in the depiction of the human condition
663,Wole,Soyinka,1934-07-13,,Nigeria,NG,Abeokuta,,,,Male,1986,Literature,,1,"""who in a wide cultural perspective and with poetic overtones fashions the drama of existence""",,,,1934,52,1980,who in a wide cultural perspective and with poetic overtones fashions the drama of existence
664,Joseph,Brodsky,1940-05-24,1996-01-28,USSR (now Russia),RU,Leningrad (now St. Petersburg),USA,US,New York NY,Male,1987,Literature,,1,"""for an all-embracing authorship imbued with clarity of thought and poetic intensity""",,,,1940,47,1980,for an all embracing authorship imbued with clarity of thought and poetic intensity
665,Naguib,Mahfouz,1911-12-11,2006-08-30,Egypt,EG,Cairo,Egypt,EG,Cairo,Male,1988,Literature,,1,"""who through works rich in nuance - now clear-sightedly realistic now evocatively ambiguous - has formed an Arabian narrative art that applies to all mankind""",,,,1911,77,1980,who through works rich in nuance now clear sightedly realistic now evocatively ambiguous has formed an arabian narrative art that applies to all mankind
666,Camilo José,Cela,1916-05-11,2002-01-17,Spain,ES,Iria Flavia,Spain,ES,Madrid,Male,1989,Literature,,1,"""for a rich and intensive prose which with restrained compassion forms a challenging vision of man's vulnerability""",,,,1916,73,1980,for a rich and intensive prose which with restrained compassion forms a challenging vision of man s vulnerability
667,Octavio,Paz,1914-03-31,1998-04-19,Mexico,MX,Mexico City,Mexico,MX,Mexico City,Male,1990,Literature,,1,"""for impassioned writing with wide horizons characterized by sensuous intelligence and humanistic integrity""",,,,1914,76,1990,for impassioned writing with wide horizons characterized by sensuous intelligence and humanistic integrity
668,Nadine,Gordimer,1923-11-20,2014-07-13,South Africa,ZA,Springs,South Africa,ZA,Johannesburg,Female,1991,Literature,,1,"""who through her magnificent epic writing has - in the words of Alfred Nobel - been of very great benefit to humanity""",,,,1923,68,1990,who through her magnificent epic writing has in the words of alfred nobel been of very great benefit to humanity
669,Derek,Walcott,1930-01-23,2017-03-17,Saint Lucia,LC,Castries,Saint Lucia,LC,Gros-Islet,Male,1992,Literature,,1,"""for a poetic oeuvre of great luminosity sustained by a historical vision the outcome of a multicultural commitment""",,,,1930,62,1990,for a poetic oeuvre of great luminosity sustained by a historical vision the outcome of a multicultural commitment
670,Toni,Morrison,1931-02-18,2019-08-05,USA,US,Lorain OH,USA,US,New York NY,Female,1993,Literature,,1,"""who in novels characterized by visionary force and poetic import gives life to an essential aspect of American reality""",,,,1931,62,1990,who in novels characterized by visionary force and poetic import gives life to an essential aspect of american reality
671,Kenzaburo,Oe,1935-01-31,2023-03-03,Japan,JP,Uchiko,Japan,JP,Tokyo,Male,1994,Literature,,1,"""who with poetic force creates an imagined world where life and myth condense to form a disconcerting picture of the human predicament today""",,,,1935,59,1990,who with poetic force creates an imagined world where life and myth condense to form a disconcerting picture of the human predicament today
672,Seamus,Heaney,1939-04-13,2013-08-30,Northern Ireland,GB,Casteldàwson,Ireland,IE,Dublin,Male,1995,Literature,,1,"""for works of lyrical beauty and ethical depth which exalt everyday miracles and the living past""",,,,1939,56,1990,for works of lyrical beauty and ethical depth which exalt everyday miracles and the living past
673,Wislawa,Szymborska,1923-07-02,2012-02-01,Poland,PL,Bnin (now Kórnik),Poland,PL,Kraków,Female,1996,Literature,,1,"""for poetry that with ironic precision allows the historical and biological context to come to light in fragments of human reality""",,,,1923,73,1990,for poetry that with ironic precision allows the historical and biological context to come to light in fragments of human reality
674,Dario,Fo,1926-03-24,2016-10-13,Italy,IT,Leggiuno-Sangiano,Italy,IT,Milan,Male,1997,Literature,,1,"""who emulates the jesters of the Middle Ages in scourging authority and upholding the dignity of the downtrodden""",,,,1926,71,1990,who emulates the jesters of the middle ages in scourging authority and upholding the dignity of the downtrodden
675,José,Saramago,1922-11-16,2010-06-18,Portugal,PT,Azinhaga,Spain,ES,Lanzarote,Male,1998,Literature,,1,"""who with parables sustained by imagination compassion and irony continually enables us once again to apprehend an elusory reality""",,,,1922,76,1990,who with parables sustained by imagination compassion and irony continually enables us once again to apprehend an elusory reality
676,Günter,Grass,1927-10-16,2015-04-13,Free City of Danzig (now Poland),PL,Danzig (now Gdansk),Germany,DE,Lübeck,Male,1999,Literature,,1,"""whose frolicsome black fables portray the forgotten face of history""",,,,1927,72,1990,whose frolicsome black fables portray the forgotten face of history
677,Ragnar,Frisch,1895-03-03,1973-01-31,Norway,NO,Oslo,Norway,NO,Oslo,Male,1969,Economics,,2,"""for having developed and applied dynamic models for the analysis of economic processes""",University of Oslo,Oslo,Norway,1895,74,1960,for having developed and applied dynamic models for the analysis of economic processes
678,Jan,Tinbergen,1903-04-12,1994-06-09,the Netherlands,NL,the Hague,the Netherlands,NL,the Hague,Male,1969,Economics,,2,"""for having developed and applied dynamic models for the analysis of economic processes""",The Netherlands School of Economics,Rotterdam,the Netherlands,1903,66,1960,for having developed and applied dynamic models for the analysis of economic processes
679,Paul A.,Samuelson,1915-05-15,2009-12-13,USA,US,Gary IN,USA,US,Belmont MA,Male,1970,Economics,,1,"""for the scientific work through which he has developed static and dynamic economic theory and actively contributed to raising the level of analysis in economic science""",Massachusetts Institute of Technology (MIT),Cambridge MA,USA,1915,55,1970,for the scientific work through which he has developed static and dynamic economic theory and actively contributed to raising the level of analysis in economic science
680,Simon,Kuznets,1901-04-30,1985-07-08,Russian Empire (now Belarus),BY,Pinsk,USA,US,Cambridge MA,Male,1971,Economics,,1,"""for his empirically founded interpretation of economic growth which has led to new and deepened insight into the economic and social structure and process of development""",Harvard University,Cambridge MA,USA,1901,70,1970,for his empirically founded interpretation of economic growth which has led to new and deepened insight into the economic and social structure and process of development
681,John R.,Hicks,1904-04-08,1989-05-20,United Kingdom,GB,Warwick,United Kingdom,GB,Blockley,Male,1972,Economics,,2,"""for their pioneering contributions to general economic equilibrium theory and welfare theory""",All Souls College,Oxford,United Kingdom,1904,68,1970,for their pioneering contributions to general economic equilibrium theory and welfare theory
682,Kenneth J.,Arrow,1921-08-23,2017-02-21,USA,US,New York NY,USA,US,Palo Alto CA,Male,1972,Economics,,2,"""for their pioneering contributions to general economic equilibrium theory and welfare theory""",Harvard University,Cambridge MA,USA,1921,51,1970,for their pioneering contributions to general economic equilibrium theory and welfare theory
683,Wassily,Leontief,1906-08-05,1999-02-05,Russia,RU,St. Petersburg,USA,US,New York NY,Male,1973,Economics,,1,"""for the development of the input-output method and for its application to important economic problems""",Harvard University,Cambridge MA,USA,1906,67,1970,for the development of the input output method and for its application to important economic problems
684,Gunnar,Myrdal,1898-12-06,1987-05-17,Sweden,SE,Skattungbyn,Sweden,SE,Stockholm,Male,1974,Economics,,2,"""for their pioneering work in the theory of money and economic fluctuations and for their penetrating analysis of the interdependence of economic social and institutional phenomena""",,,,1898,76,1970,for their pioneering work in the theory of money and economic fluctuations and for their penetrating analysis of the interdependence of economic social and institutional phenomena
685,Friedrich,von Hayek,1899-05-08,1992-03-23,Austria,AT,Vienna,Germany,DE,Freiburg,Male,1974,Economics,,2,"""for their pioneering work in the theory of money and economic fluctuations and for their penetrating analysis of the interdependence of economic social and institutional phenomena""",,,,1899,75,1970,for their pioneering work in the theory of money and economic fluctuations and for their penetrating analysis of the interdependence of economic social and institutional phenomena
686,Leonid Vitaliyevich,Kantorovich,1912-01-19,1986-04-07,Russian Empire (now Russia),RU,St. Petersburg,USSR (now Russia),RU,Moscow,Male,1975,Economics,,2,"""for their contributions to the theory of optimum allocation of resources""",Academy of Sciences,Moscow,USSR (now Russia),1912,63,1970,for their contributions to the theory of optimum allocation of resources
687,Tjalling C.,Koopmans,1910-08-28,1985-02-26,the Netherlands,NL,'s Graveland,USA,US,New Haven CT,Male,1975,Economics,,2,"""for their contributions to the theory of optimum allocation of resources""",Yale University,New Haven CT,USA,1910,65,1970,for their contributions to the theory of optimum allocation of resources
688,Milton,Friedman,1912-07-31,2006-11-16,USA,US,Brooklyn NY,USA,US,San Francisco CA,Male,1976,Economics,,1,"""for his achievements in the fields of consumption analysis monetary history and theory and for his demonstration of the complexity of stabilization policy""",University of Chicago,Chicago IL,USA,1912,64,1970,for his achievements in the fields of consumption analysis monetary history and theory and for his demonstration of the complexity of stabilization policy
689,Bertil,Ohlin,1899-04-23,1979-08-03,Sweden,SE,Klippan,Sweden,SE,Vålådalen,Male,1977,Economics,,2,"""for their pathbreaking contribution to the theory of international trade and international capital movements""",Stockholm School of Economics,Stockholm,Sweden,1899,78,1970,for their pathbreaking contribution to the theory of international trade and international capital movements
690,James E.,Meade,1907-06-23,1995-12-22,United Kingdom,GB,Swanage,United Kingdom,GB,Cambridge,Male,1977,Economics,,2,"""for their pathbreaking contribution to the theory of international trade and international capital movements""",University of Cambridge,Cambridge,United Kingdom,1907,70,1970,for their pathbreaking contribution to the theory of international trade and international capital movements
691,Herbert,Simon,1916-06-15,2001-02-09,USA,US,Milwaukee WI,USA,US,Pittsburgh PA,Male,1978,Economics,,1,"""for his pioneering research into the decision-making process within economic organizations""",Carnegie Mellon University,Pittsburgh PA,USA,1916,62,1970,for his pioneering research into the decision making process within economic organizations
692,Theodore W.,Schultz,1902-04-30,1998-02-26,USA,US,Arlington SD,USA,US,Evanston IL,Male,1979,Economics,,2,"""for their pioneering research into economic development research with particular consideration of the problems of developing countries""",University of Chicago,Chicago IL,USA,1902,77,1970,for their pioneering research into economic development research with particular consideration of the problems of developing countries
693,Sir Arthur,Lewis,1915-01-23,1991-06-15,British West Indies (now Saint Lucia),LC,Castries,Barbados,BB,Bridgetown,Male,1979,Economics,,2,"""for their pioneering research into economic development research with particular consideration of the problems of developing countries""",Princeton University,Princeton NJ,USA,1915,64,1970,for their pioneering research into economic development research with particular consideration of the problems of developing countries
694,Lawrence R.,Klein,1920-09-14,2013-10-20,USA,US,Omaha NE,USA,US,Gladwyne PA,Male,1980,Economics,,1,"""for the creation of econometric models and the application to the analysis of economic fluctuations and economic policies""",University of Pennsylvania,Philadelphia PA,USA,1920,60,1980,for the creation of econometric models and the application to the analysis of economic fluctuations and economic policies
695,James,Tobin,1918-03-05,2002-03-11,USA,US,Champaign IL,USA,US,New Haven CT,Male,1981,Economics,,1,"""for his analysis of financial markets and their relations to expenditure decisions employment production and prices""",Yale University,New Haven CT,USA,1918,63,1980,for his analysis of financial markets and their relations to expenditure decisions employment production and prices
696,George J.,Stigler,1911-01-17,1991-12-01,USA,US,Renton WA,USA,US,Chicago IL,Male,1982,Economics,,1,"""for his seminal studies of industrial structures functioning of markets and causes and effects of public regulation""",University of Chicago,Chicago IL,USA,1911,71,1980,for his seminal studies of industrial structures functioning of markets and causes and effects of public regulation
697,Gerard,Debreu,1921-07-04,2004-12-31,France,FR,Calais,France,FR,Paris,Male,1983,Economics,,1,"""for having incorporated new analytical methods into economic theory and for his rigorous reformulation of the theory of general equilibrium""",University of California,Berkeley CA,USA,1921,62,1980,for having incorporated new analytical methods into economic theory and for his rigorous reformulation of the theory of general equilibrium
698,Richard,Stone,1913-08-30,1991-12-06,United Kingdom,GB,London,United Kingdom,GB,Cambridge,Male,1984,Economics,,1,"""for having made fundamental contributions to the development of systems of national accounts and hence greatly improved the basis for empirical economic analysis""",University of Cambridge,Cambridge,United Kingdom,1913,71,1980,for having made fundamental contributions to the development of systems of national accounts and hence greatly improved the basis for empirical economic analysis
699,Franco,Modigliani,1918-06-18,2003-09-25,Italy,IT,Rome,USA,US,Cambridge MA,Male,1985,Economics,,1,"""for his pioneering analyses of saving and of financial markets""",Massachusetts Institute of Technology (MIT),Cambridge MA,USA,1918,67,1980,for his pioneering analyses of saving and of financial markets
700,James M.,Buchanan Jr.,1919-10-03,2013-01-09,USA,US,Murfreesboro TN,USA,US,Blacksburg VA,Male,1986,Economics,,1,"""for his development of the contractual and constitutional bases for the theory of economic and political decision-making""",Center for Study of Public Choice,Fairfax VA,USA,1919,67,1980,for his development of the contractual and constitutional bases for the theory of economic and political decision making
701,Robert M.,Solow,1924-08-23,,USA,US,Brooklyn NY,,,,Male,1987,Economics,,1,"""for his contributions to the theory of economic growth""",Massachusetts Institute of Technology (MIT),Cambridge MA,USA,1924,63,1980,for his contributions to the theory of economic growth
702,Maurice,Allais,1911-05-31,2010-10-09,France,FR,Paris,France,FR,Paris,Male,1988,Economics,,1,"""for his pioneering contributions to the theory of markets and efficient utilization of resources""",École Nationale Supérieur des Mines de Paris,Paris,France,1911,77,1980,for his pioneering contributions to the theory of markets and efficient utilization of resources
703,Trygve,Haavelmo,1911-12-13,1999-07-26,Norway,NO,Skedsmo,Norway,NO,Oslo,Male,1989,Economics,,1,"""for his clarification of the probability theory foundations of econometrics and his analyses of simultaneous economic structures""",University of Oslo,Oslo,Norway,1911,78,1980,for his clarification of the probability theory foundations of econometrics and his analyses of simultaneous economic structures
704,Harry M.,Markowitz,1927-08-24,2023-06-22,USA,US,Chicago IL,USA,US,San Diego CA,Male,1990,Economics,,3,"""for their pioneering work in the theory of financial economics""",City University of New York,New York NY,USA,1927,63,1990,for their pioneering work in the theory of financial economics
705,Merton H.,Miller,1923-05-16,2000-06-03,USA,US,Boston MA,USA,US,Chicago IL,Male,1990,Economics,,3,"""for their pioneering work in the theory of financial economics""",University of Chicago,Chicago IL,USA,1923,67,1990,for their pioneering work in the theory of financial economics
706,William F.,Sharpe,1934-06-16,,USA,US,Boston MA,,,,Male,1990,Economics,,3,"""for their pioneering work in the theory of financial economics""",Stanford University,Stanford CA,USA,1934,56,1990,for their pioneering work in the theory of financial economics
707,Ronald H.,Coase,1910-12-29,2013-09-02,United Kingdom,GB,Willesden,USA,US,Chicago IL,Male,1991,Economics,,1,"""for his discovery and clarification of the significance of transaction costs and property rights for the institutional structure and functioning of the economy""",University of Chicago,Chicago IL,USA,1910,81,1990,for his discovery and clarification of the significance of transaction costs and property rights for the institutional structure and functioning of the economy
708,Gary,Becker,1930-12-02,2014-05-03,USA,US,Pottsville PA,USA,US,Chicago IL,Male,1992,Economics,,1,"""for having extended the domain of microeconomic analysis to a wide range of human behaviour and interaction including nonmarket behaviour""",University of Chicago,Chicago IL,USA,1930,62,1990,for having extended the domain of microeconomic analysis to a wide range of human behaviour and interaction including nonmarket behaviour
709,Robert W.,Fogel,1927-07-01,2013-06-11,USA,US,New York NY,USA,US,Oak Lawn IL,Male,1993,Economics,,2,"""for having renewed research in economic history by applying economic theory and quantitative methods in order to explain economic and institutional change""",University of Chicago,Chicago IL,USA,1927,66,1990,for having renewed research in economic history by applying economic theory and quantitative methods in order to explain economic and institutional change
710,Douglass C.,North,1920-11-05,2015-11-23,USA,US,Cambridge MA,USA,US,Benzonia MI,Male,1993,Economics,,2,"""for having renewed research in economic history by applying economic theory and quantitative methods in order to explain economic and institutional change""",Washington University,St. Louis MO,USA,1920,73,1990,for having renewed research in economic history by applying economic theory and quantitative methods in order to explain economic and institutional change
711,John C.,Harsanyi,1920-05-29,2000-08-09,Hungary,HU,Budapest,USA,US,Berkeley CA,Male,1994,Economics,,3,"""for their pioneering analysis of equilibria in the theory of non-cooperative games""",University of California,Berkeley CA,USA,1920,74,1990,for their pioneering analysis of equilibria in the theory of non cooperative games
712,John F.,Nash Jr.,1928-06-13,2015-05-23,USA,US,Bluefield WV,USA,US,New Jersey NJ,Male,1994,Economics,,3,"""for their pioneering analysis of equilibria in the theory of non-cooperative games""",Princeton University,Princeton NJ,USA,1928,66,1990,for their pioneering analysis of equilibria in the theory of non cooperative games
713,Reinhard,Selten,1930-10-05,2016-08-23,Germany (now Poland),PL,Breslau (now Wroclaw),Poland,PL,Poznan,Male,1994,Economics,,3,"""for their pioneering analysis of equilibria in the theory of non-cooperative games""",Rheinische Friedrich-Wilhelms-Universität,Bonn,Germany,1930,64,1990,for their pioneering analysis of equilibria in the theory of non cooperative games
714,Robert E.,Lucas Jr.,1937-09-15,2023-05-15,USA,US,Yakima WA,USA,US,Chicago IL,Male,1995,Economics,,1,"""for having developed and applied the hypothesis of rational expectations and thereby having transformed macroeconomic analysis and deepened our understanding of economic policy""",University of Chicago,Chicago IL,USA,1937,58,1990,for having developed and applied the hypothesis of rational expectations and thereby having transformed macroeconomic analysis and deepened our understanding of economic policy
715,James A.,Mirrlees,1936-07-05,2018-08-29,Scotland,GB,Minnigaff,United Kingdom,GB,Cambridge,Male,1996,Economics,,2,"""for their fundamental contributions to the economic theory of incentives under asymmetric information""",University of Cambridge,Cambridge,United Kingdom,1936,60,1990,for their fundamental contributions to the economic theory of incentives under asymmetric information
716,William,Vickrey,1914-06-21,1996-10-11,Canada,CA,Victoria BC,USA,US,Harrison NY,Male,1996,Economics,,2,"""for their fundamental contributions to the economic theory of incentives under asymmetric information""",Columbia University,New York NY,USA,1914,82,1990,for their fundamental contributions to the economic theory of incentives under asymmetric information
717,Robert C.,Merton,1944-07-31,,USA,US,New York NY,,,,Male,1997,Economics,,2,"""for a new method to determine the value of derivatives""",Harvard University,Cambridge MA,USA,1944,53,1990,for a new method to determine the value of derivatives
718,Myron,Scholes,1941-07-01,,Canada,CA,Timmins ON,,,,Male,1997,Economics,,2,"""for a new method to determine the value of derivatives""",Long Term Capital Management,Greenwich CT,USA,1941,56,1990,for a new method to determine the value of derivatives
719,Amartya,Sen,1933-11-03,,India,IN,Santiniketan,,,,Male,1998,Economics,,1,"""for his contributions to welfare economics""",Trinity College,Cambridge,United Kingdom,1933,65,1990,for his contributions to welfare economics
720,Robert,Mundell,1932-10-24,2021-04-04,Canada,CA,Kingston ON,Italy,IT,Siena,Male,1999,Economics,,1,"""for his analysis of monetary and fiscal policy under different exchange rate regimes and his analysis of optimum currency areas""",Columbia University,New York NY,USA,1932,67,1990,for his analysis of monetary and fiscal policy under different exchange rate regimes and his analysis of optimum currency areas
721,Il´ja M.,Frank,1908-10-23,1990-06-22,Russia,RU,Leningrad (now St. Petersburg),USSR (now Russia),RU,Moscow,Male,1958,Physics,,3,"""for the discovery and the interpretation of the Cherenkov effect""",Lomonosov Moscow State University,Moscow,USSR (now Russia),1908,50,1950,for the discovery and the interpretation of the cherenkov effect
722,Arvid,Carlsson,1923-01-25,2018-06-29,Sweden,SE,Uppsala,Sweden,SE,Gothenburg,Male,2000,Medicine,,3,"""for their discoveries concerning signal transduction in the nervous system""",Göteborg University,Gothenburg,Sweden,1923,77,2000,for their discoveries concerning signal transduction in the nervous system
723,Paul,Greengard,1925-12-11,2019-04-13,USA,US,New York NY,USA,US,New York NY,Male,2000,Medicine,,3,"""for their discoveries concerning signal transduction in the nervous system""",Rockefeller University,New York NY,USA,1925,75,2000,for their discoveries concerning signal transduction in the nervous system
724,Eric,Kandel,1929-11-07,,Austria,AT,Vienna,,,,Male,2000,Medicine,,3,"""for their discoveries concerning signal transduction in the nervous system""",Columbia University,New York NY,USA,1929,71,2000,for their discoveries concerning signal transduction in the nervous system
725,Kim,Dae-jung,1925-12-03,2009-08-18,Korea (now South Korea),KR,Mokpo,,,,Male,2000,Peace,,1,"""for his work for democracy and human rights in South Korea and in East Asia in general and for peace and reconciliation with North Korea in particular""",,,,1925,75,2000,for his work for democracy and human rights in south korea and in east asia in general and for peace and reconciliation with north korea in particular
726,Zhores,Alferov,1930-03-15,2019-03-01,USSR (now Belarus),BY,Vitebsk Belorussia,Russia,RU,St. Petersburg,Male,2000,Physics,"""for basic work on information and communication technology""",4,"""for developing semiconductor heterostructures used in high-speed- and opto-electronics""",A.F. Ioffe Physico-Technical Institute,St. Petersburg,Russia,1930,70,2000,for developing semiconductor heterostructures used in high speed and opto electronics
727,Herbert,Kroemer,1928-08-25,,Germany,DE,Weimar,,,,Male,2000,Physics,"""for basic work on information and communication technology""",4,"""for developing semiconductor heterostructures used in high-speed- and opto-electronics""",University of California,Santa Barbara CA,USA,1928,72,2000,for developing semiconductor heterostructures used in high speed and opto electronics
728,Jack,Kilby,1923-11-08,2005-06-20,USA,US,Jefferson City MO,USA,US,Dallas TX,Male,2000,Physics,"""for basic work on information and communication technology""",2,"""for his part in the invention of the integrated circuit""",Texas Instruments,Dallas TX,USA,1923,77,2000,for his part in the invention of the integrated circuit
729,Alan,Heeger,1936-01-22,,USA,US,Sioux City IA,,,,Male,2000,Chemistry,,3,"""for the discovery and development of conductive polymers""",University of California,Santa Barbara CA,USA,1936,64,2000,for the discovery and development of conductive polymers
730,Alan,MacDiarmid,1927-04-14,2007-02-07,New Zealand,NZ,Masterton,USA,US,Drexel Hill PA,Male,2000,Chemistry,,3,"""for the discovery and development of conductive polymers""",University of Pennsylvania,Philadelphia PA,USA,1927,73,2000,for the discovery and development of conductive polymers
731,Hideki,Shirakawa,1936-08-20,,Japan,JP,Tokyo,,,,Male,2000,Chemistry,,3,"""for the discovery and development of conductive polymers""",University of Tsukuba,Tsukuba,Japan,1936,64,2000,for the discovery and development of conductive polymers
732,James J.,Heckman,1944-04-19,,USA,US,Chicago IL,,,,Male,2000,Economics,,2,"""for his development of theory and methods for analyzing selective samples""",University of Chicago,Chicago IL,USA,1944,56,2000,for his development of theory and methods for analyzing selective samples
733,Daniel L.,McFadden,1937-07-29,,USA,US,Raleigh NC,,,,Male,2000,Economics,,2,"""for his development of theory and methods for analyzing discrete choice""",University of California,Berkeley CA,USA,1937,63,2000,for his development of theory and methods for analyzing discrete choice
734,Xingjian,Gao,1940-01-04,,China,CN,Ganzhou,,,,Male,2000,Literature,,1,"""for an œuvre of universal validity bitter insights and linguistic ingenuity which has opened new paths for the Chinese novel and drama""",,,,1940,60,2000,for an œuvre of universal validity bitter insights and linguistic ingenuity which has opened new paths for the chinese novel and drama
735,Leland,Hartwell,1939-10-30,,USA,US,Los Angeles CA,,,,Male,2001,Medicine,,3,"""for their discoveries of key regulators of the cell cycle""",Fred Hutchinson Cancer Research Center,Seattle WA,USA,1939,62,2000,for their discoveries of key regulators of the cell cycle
736,Tim,Hunt,1943-02-19,,United Kingdom,GB,Neston,,,,Male,2001,Medicine,,3,"""for their discoveries of key regulators of the cell cycle""",Imperial Cancer Research Fund,London,United Kingdom,1943,58,2000,for their discoveries of key regulators of the cell cycle
737,Sir Paul,Nurse,1949-01-25,,United Kingdom,GB,Norwich,,,,Male,2001,Medicine,,3,"""for their discoveries of key regulators of the cell cycle""",Imperial Cancer Research Fund,London,United Kingdom,1949,52,2000,for their discoveries of key regulators of the cell cycle
738,Eric,Cornell,1961-12-19,,USA,US,Palo Alto CA,,,,Male,2001,Physics,,3,"""for the achievement of Bose-Einstein condensation in dilute gases of alkali atoms and for early fundamental studies of the properties of the condensates""",University of Colorado JILA,Boulder CO,USA,1961,40,2000,for the achievement of bose einstein condensation in dilute gases of alkali atoms and for early fundamental studies of the properties of the condensates
739,Wolfgang,Ketterle,1957-10-21,,West Germany (now Germany),DE,Heidelberg,,,,Male,2001,Physics,,3,"""for the achievement of Bose-Einstein condensation in dilute gases of alkali atoms and for early fundamental studies of the properties of the condensates""",Massachusetts Institute of Technology (MIT),Cambridge MA,USA,1957,44,2000,for the achievement of bose einstein condensation in dilute gases of alkali atoms and for early fundamental studies of the properties of the condensates
740,Carl,Wieman,1951-03-26,,USA,US,Corvallis OR,,,,Male,2001,Physics,,3,"""for the achievement of Bose-Einstein condensation in dilute gases of alkali atoms and for early fundamental studies of the properties of the condensates""",University of Colorado JILA,Boulder CO,USA,1951,50,2000,for the achievement of bose einstein condensation in dilute gases of alkali atoms and for early fundamental studies of the properties of the condensates
741,William,Knowles,1917-06-01,2012-06-13,USA,US,Taunton MA,USA,US,Chesterfield MO,Male,2001,Chemistry,,4,"""for their work on chirally catalysed hydrogenation reactions""",,,,1917,84,2000,for their work on chirally catalysed hydrogenation reactions
742,Ryoji,Noyori,1938-09-03,,Japan,JP,Kobe,,,,Male,2001,Chemistry,,4,"""for their work on chirally catalysed hydrogenation reactions""",Nagoya University,Nagoya,Japan,1938,63,2000,for their work on chirally catalysed hydrogenation reactions
743,Barry,Sharpless,1941-04-28,,USA,US,Philadelphia PA,,,,Male,2001,Chemistry,,2,"""for his work on chirally catalysed oxidation reactions""",The Scripps Research Institute,La Jolla CA,USA,1941,60,2000,for his work on chirally catalysed oxidation reactions
743,Barry,Sharpless,1941-04-28,,USA,US,Philadelphia PA,,,,Male,2022,Chemistry,,3,"""for the development of click chemistry and bioorthogonal chemistry""",Scripps Research,La Jolla CA,USA,1941,81,2020,for the development of click chemistry and bioorthogonal chemistry
744,George A.,Akerlof,1940-06-17,,USA,US,New Haven CT,,,,Male,2001,Economics,,3,"""for their analyses of markets with asymmetric information""",University of California,Berkeley CA,USA,1940,61,2000,for their analyses of markets with asymmetric information
746,Joseph E.,Stiglitz,1943-02-09,,USA,US,Gary IN,,,,Male,2001,Economics,,3,"""for their analyses of markets with asymmetric information""",Columbia University,New York NY,USA,1943,58,2000,for their analyses of markets with asymmetric information
747,V. S.,Naipaul,1932-08-17,2018-08-11,Trinidad and Tobago,TT,Chaguanas,United Kingdom,GB,London,Male,2001,Literature,,1,"""for having united perceptive narrative and incorruptible scrutiny in works that compel us to see the presence of suppressed histories""",,,,1932,69,2000,for having united perceptive narrative and incorruptible scrutiny in works that compel us to see the presence of suppressed histories
749,Kofi,Annan,1938-04-08,2018-08-18,Gold Coast (now Ghana),GH,Kumasi,Switzerland,CH,Bern,Male,2001,Peace,,2,"""for their work for a better organized and more peaceful world""",,,,1938,63,2000,for their work for a better organized and more peaceful world
750,Sydney,Brenner,1927-01-13,2019-04-05,South Africa,ZA,Germiston,Singapore,SG,,Male,2002,Medicine,,3,"""for their discoveries concerning genetic regulation of organ development and programmed cell death'""",The Molecular Sciences Institute,Berkeley CA,USA,1927,75,2000,for their discoveries concerning genetic regulation of organ development and programmed cell death
751,H. Robert,Horvitz,1947-05-08,,USA,US,Chicago IL,,,,Male,2002,Medicine,,3,"""for their discoveries concerning genetic regulation of organ development and programmed cell death'""",Massachusetts Institute of Technology (MIT),Cambridge MA,USA,1947,55,2000,for their discoveries concerning genetic regulation of organ development and programmed cell death
752,John E.,Sulston,1942-03-27,2018-03-06,United Kingdom,GB,Cambridge,United Kingdom,GB,Stapleford Cambridgeshire,Male,2002,Medicine,,3,"""for their discoveries concerning genetic regulation of organ development and programmed cell death'""",The Wellcome Trust Sanger Institute,Cambridge,United Kingdom,1942,60,2000,for their discoveries concerning genetic regulation of organ development and programmed cell death
753,Raymond,Davis Jr.,1914-10-14,2006-05-31,USA,US,Washington D.C.,USA,US,Blue Point NY,Male,2002,Physics,,4,"""for pioneering contributions to astrophysics in particular for the detection of cosmic neutrinos""",University of Pennsylvania,Philadelphia PA,USA,1914,88,2000,for pioneering contributions to astrophysics in particular for the detection of cosmic neutrinos
754,Masatoshi,Koshiba,1926-09-19,2020-11-12,Japan,JP,Toyohashi,Japan,JP,Tokyo,Male,2002,Physics,,4,"""for pioneering contributions to astrophysics in particular for the detection of cosmic neutrinos""",University of Tokyo,Tokyo,Japan,1926,76,2000,for pioneering contributions to astrophysics in particular for the detection of cosmic neutrinos
755,Riccardo,Giacconi,1931-10-06,2018-12-16,Italy,IT,Genoa,USA,US,La Jolla CA,Male,2002,Physics,,2,"""for pioneering contributions to astrophysics which have led to the discovery of cosmic X-ray sources""",Associated Universities Inc.,Washington D.C.,USA,1931,71,2000,for pioneering contributions to astrophysics which have led to the discovery of cosmic x ray sources
756,John B.,Fenn,1917-06-15,2010-12-10,USA,US,New York NY,USA,US,Richmond VA,Male,2002,Chemistry,"""for the development of methods for identification and structure analyses of biological macromolecules""",4,"""for their development of soft desorption ionisation methods for mass spectrometric analyses of biological macromolecules""",Virginia Commonwealth University,Richmond VA,USA,1917,85,2000,for their development of soft desorption ionisation methods for mass spectrometric analyses of biological macromolecules
757,Koichi,Tanaka,1959-08-03,,Japan,JP,Toyama City,,,,Male,2002,Chemistry,"""for the development of methods for identification and structure analyses of biological macromolecules""",4,"""for their development of soft desorption ionisation methods for mass spectrometric analyses of biological macromolecules""",Shimadzu Corp.,Kyoto,Japan,1959,43,2000,for their development of soft desorption ionisation methods for mass spectrometric analyses of biological macromolecules
758,Kurt,Wüthrich,1938-10-04,,Switzerland,CH,Aarberg,,,,Male,2002,Chemistry,"""for the development of methods for identification and structure analyses of biological macromolecules""",2,"""for his development of nuclear magnetic resonance spectroscopy for determining the three-dimensional structure of biological macromolecules in solution""",Eidgenössische Technische Hochschule (Swiss Federal Institute of Technology),Zurich,Switzerland,1938,64,2000,for his development of nuclear magnetic resonance spectroscopy for determining the three dimensional structure of biological macromolecules in solution
759,Daniel,Kahneman,1934-03-05,,British Mandate of Palestine (now Israel),IL,Tel Aviv,,,,Male,2002,Economics,,2,"""for having integrated insights from psychological research into economic science especially concerning human judgment and decision-making under uncertainty""",Princeton University,Princeton NJ,USA,1934,68,2000,for having integrated insights from psychological research into economic science especially concerning human judgment and decision making under uncertainty
760,Vernon L.,Smith,1927-01-01,,USA,US,Wichita KS,,,,Male,2002,Economics,,2,"""for having established laboratory experiments as a tool in empirical economic analysis especially in the study of alternative market mechanisms""",George Mason University,Fairfax VA,USA,1927,75,2000,for having established laboratory experiments as a tool in empirical economic analysis especially in the study of alternative market mechanisms
761,Imre,Kertész,1929-11-09,2016-03-31,Hungary,HU,Budapest,Hungary,HU,Budapest,Male,2002,Literature,,1,"""for writing that upholds the fragile experience of the individual against the barbaric arbitrariness of history""",,,,1929,73,2000,for writing that upholds the fragile experience of the individual against the barbaric arbitrariness of history
762,Jimmy,Carter,1924-10-01,,USA,US,Plains GA,,,,Male,2002,Peace,,1,"""for his decades of untiring effort to find peaceful solutions to international conflicts to advance democracy and human rights and to promote economic and social development""",,,,1924,78,2000,for his decades of untiring effort to find peaceful solutions to international conflicts to advance democracy and human rights and to promote economic and social development
763,J. M.,Coetzee,1940-02-09,,South Africa,ZA,Cape Town,,,,Male,2003,Literature,,1,"""who in innumerable guises portrays the surprising involvement of the outsider""",,,,1940,63,2000,who in innumerable guises portrays the surprising involvement of the outsider
764,Paul C.,Lauterbur,1929-05-06,2007-03-27,USA,US,Sidney OH,USA,US,Urbana IL,Male,2003,Medicine,,2,"""for their discoveries concerning magnetic resonance imaging""",University of Illinois,Urbana IL,USA,1929,74,2000,for their discoveries concerning magnetic resonance imaging
765,Sir Peter,Mansfield,1933-10-09,2017-02-08,United Kingdom,GB,London,,,,Male,2003,Medicine,,2,"""for their discoveries concerning magnetic resonance imaging""",University of Nottingham School of Physics and Astronomy,Nottingham,United Kingdom,1933,70,2000,for their discoveries concerning magnetic resonance imaging
766,Alexei,Abrikosov,1928-06-25,2017-03-29,USSR (now Russia),RU,Moscow,,,,Male,2003,Physics,,3,"""for pioneering contributions to the theory of superconductors and superfluids""",Argonne National Laboratory,Argonne IL,USA,1928,75,2000,for pioneering contributions to the theory of superconductors and superfluids
767,Vitaly L.,Ginzburg,1916-10-04,2009-11-08,Russia,RU,Moscow,,,,Male,2003,Physics,,3,"""for pioneering contributions to the theory of superconductors and superfluids""",P.N. Lebedev Physical Institute,Moscow,Russia,1916,87,2000,for pioneering contributions to the theory of superconductors and superfluids
768,Anthony J.,Leggett,1938-03-26,,United Kingdom,GB,London,,,,Male,2003,Physics,,3,"""for pioneering contributions to the theory of superconductors and superfluids""",University of Illinois,Urbana IL,USA,1938,65,2000,for pioneering contributions to the theory of superconductors and superfluids
769,Peter,Agre,1949-01-30,,USA,US,Northfield MN,,,,Male,2003,Chemistry,"""for discoveries concerning channels in cell membranes""",2,"""for the discovery of water channels""",Johns Hopkins University School of Medicine,Baltimore MD,USA,1949,54,2000,for the discovery of water channels
770,Roderick,MacKinnon,1956-02-19,,USA,US,Burlington MA,,,,Male,2003,Chemistry,"""for discoveries concerning channels in cell membranes""",2,"""for structural and mechanistic studies of ion channels""",Rockefeller University,New York NY,USA,1956,47,2000,for structural and mechanistic studies of ion channels
771,Robert F.,Engle III,1942-11-10,,USA,US,Syracuse NY,,,,Male,2003,Economics,,2,"""for methods of analyzing economic time series with time-varying volatility (ARCH)""",New York University,New York NY,USA,1942,61,2000,for methods of analyzing economic time series with time varying volatility arch
772,Clive W.J.,Granger,1934-09-04,2009-05-27,United Kingdom,GB,Swansea,USA,US,San Diego CA,Male,2003,Economics,,2,"""for methods of analyzing economic time series with common trends (cointegration)""",University of California,San Diego CA,USA,1934,69,2000,for methods of analyzing economic time series with common trends cointegration
773,Shirin,Ebadi,1947-06-21,,Iran,IR,Hamadan,,,,Female,2003,Peace,,1,"""for her efforts for democracy and human rights. She has focused especially on the struggle for the rights of women and children""",,,,1947,56,2000,for her efforts for democracy and human rights she has focused especially on the struggle for the rights of women and children
774,Richard,Axel,1946-07-02,,USA,US,New York NY,,,,Male,2004,Medicine,,2,"""for their discoveries of odorant receptors and the organization of the olfactory system""",Columbia University,New York NY,USA,1946,58,2000,for their discoveries of odorant receptors and the organization of the olfactory system
775,Linda B.,Buck,1947-01-29,,USA,US,Seattle WA,,,,Female,2004,Medicine,,2,"""for their discoveries of odorant receptors and the organization of the olfactory system""",Fred Hutchinson Cancer Research Center,Seattle WA,USA,1947,57,2000,for their discoveries of odorant receptors and the organization of the olfactory system
776,David J.,Gross,1941-02-19,,USA,US,Washington D.C.,,,,Male,2004,Physics,,3,"""for the discovery of asymptotic freedom in the theory of the strong interaction""",University of California Kavli Institute for Theoretical Physics,Santa Barbara CA,USA,1941,63,2000,for the discovery of asymptotic freedom in the theory of the strong interaction
777,H. David,Politzer,1949-08-31,,USA,US,New York NY,,,,Male,2004,Physics,,3,"""for the discovery of asymptotic freedom in the theory of the strong interaction""",California Institute of Technology (Caltech),Pasadena CA,USA,1949,55,2000,for the discovery of asymptotic freedom in the theory of the strong interaction
778,Frank,Wilczek,1951-05-15,,USA,US,New York NY,,,,Male,2004,Physics,,3,"""for the discovery of asymptotic freedom in the theory of the strong interaction""",Massachusetts Institute of Technology (MIT),Cambridge MA,USA,1951,53,2000,for the discovery of asymptotic freedom in the theory of the strong interaction
779,Aaron,Ciechanover,1947-10-01,,British Protectorate of Palestine (now Israel),IL,Haifa,,,,Male,2004,Chemistry,,3,"""for the discovery of ubiquitin-mediated protein degradation""",Technion - Israel Institute of Technology,Haifa,Israel,1947,57,2000,for the discovery of ubiquitin mediated protein degradation
780,Avram,Hershko,1937-12-31,,Hungary,HU,Karcag,,,,Male,2004,Chemistry,,3,"""for the discovery of ubiquitin-mediated protein degradation""",Technion - Israel Institute of Technology,Haifa,Israel,1937,67,2000,for the discovery of ubiquitin mediated protein degradation
781,Irwin,Rose,1926-07-16,2015-06-03,USA,US,Brooklyn NY,USA,US,Deerfield MA,Male,2004,Chemistry,,3,"""for the discovery of ubiquitin-mediated protein degradation""",University of California,Irvine CA,USA,1926,78,2000,for the discovery of ubiquitin mediated protein degradation
782,Elfriede,Jelinek,1946-10-20,,Austria,AT,Mürzzuschlag,,,,Female,2004,Literature,,1,"""for her musical flow of voices and counter-voices in novels and plays that with extraordinary linguistic zeal reveal the absurdity of society's clich&eacute;s and their subjugating power""",,,,1946,58,2000,for her musical flow of voices and counter voices in novels and plays that with extraordinary linguistic zeal reveal the absurdity of society s clich eacute s and their subjugating power
783,Wangari,Maathai,1940-04-01,2011-09-25,Kenya,KE,Nyeri,Kenya,KE,Nairobi,Female,2004,Peace,,1,"""for her contribution to sustainable development democracy and peace""",,,,1940,64,2000,for her contribution to sustainable development democracy and peace
786,Finn E.,Kydland,1943-12-01,,Norway,NO,Gjesdal,,,,Male,2004,Economics,,2,"""for their contributions to dynamic macroeconomics: the time consistency of economic policy and the driving forces behind business cycles""",Carnegie Mellon University,Pittsburgh PA,USA,1943,61,2000,for their contributions to dynamic macroeconomics the time consistency of economic policy and the driving forces behind business cycles
787,Edward C.,Prescott,1940-12-26,2022-11-06,USA,US,Glens Falls NY,USA,US,Paradise Valley AZ,Male,2004,Economics,,2,"""for their contributions to dynamic macroeconomics: the time consistency of economic policy and the driving forces behind business cycles""",Arizona State University,Tempe AZ,USA,1940,64,2000,for their contributions to dynamic macroeconomics the time consistency of economic policy and the driving forces behind business cycles
789,Barry J.,Marshall,1951-09-30,,Australia,AU,Kalgoorlie,,,,Male,2005,Medicine,,2,"""for their discovery of the bacterium <i>Helicobacter pylori</i> and its role in gastritis and peptic ulcer disease""",NHMRC Helicobacter pylori Research Laboratory QEII Medical Centre,Nedlands,Australia,1951,54,2000,for their discovery of the bacterium i helicobacter pylori i and its role in gastritis and peptic ulcer disease
790,J. Robin,Warren,1937-06-11,,Australia,AU,Adelaide,,,,Male,2005,Medicine,,2,"""for their discovery of the bacterium <i>Helicobacter pylori</i> and its role in gastritis and peptic ulcer disease""",,,,1937,68,2000,for their discovery of the bacterium i helicobacter pylori i and its role in gastritis and peptic ulcer disease
791,Roy J.,Glauber,1925-09-01,2018-12-26,USA,US,New York NY,USA,US,Newton MA,Male,2005,Physics,,2,"""for his contribution to the quantum theory of optical coherence""",Harvard University,Cambridge MA,USA,1925,80,2000,for his contribution to the quantum theory of optical coherence
792,John L.,Hall,1934-08-21,,USA,US,Denver CO,,,,Male,2005,Physics,,4,"""for their contributions to the development of laser-based precision spectroscopy including the optical frequency comb technique""",University of Colorado JILA,Boulder CO,USA,1934,71,2000,for their contributions to the development of laser based precision spectroscopy including the optical frequency comb technique
793,Theodor W.,Hänsch,1941-10-30,,Germany,DE,Heidelberg,,,,Male,2005,Physics,,4,"""for their contributions to the development of laser-based precision spectroscopy including the optical frequency comb technique""",Max Planck Institute of Quantum Optics,Garching,Germany,1941,64,2000,for their contributions to the development of laser based precision spectroscopy including the optical frequency comb technique
794,Yves,Chauvin,1930-10-10,2015-01-27,Belgium,BE,Menin,France,FR,Tours,Male,2005,Chemistry,,3,"""for the development of the metathesis method in organic synthesis""",Institut Français du Pétrole,Rueil-Malmaison,France,1930,75,2000,for the development of the metathesis method in organic synthesis
795,Robert H.,Grubbs,1942-02-27,2021-12-19,USA,US,Possum Trot KY,USA,US,Duarte CA,Male,2005,Chemistry,,3,"""for the development of the metathesis method in organic synthesis""",California Institute of Technology (Caltech),Pasadena CA,USA,1942,63,2000,for the development of the metathesis method in organic synthesis
796,Richard R.,Schrock,1945-01-04,,USA,US,Berne IN,,,,Male,2005,Chemistry,,3,"""for the development of the metathesis method in organic synthesis""",Massachusetts Institute of Technology (MIT),Cambridge MA,USA,1945,60,2000,for the development of the metathesis method in organic synthesis
798,Mohamed,ElBaradei,1942-06-17,,Egypt,EG,Cairo,,,,Male,2005,Peace,,2,"""for their efforts to prevent nuclear energy from being used for military purposes and to ensure that nuclear energy for peaceful purposes is used in the safest possible way""",,,,1942,63,2000,for their efforts to prevent nuclear energy from being used for military purposes and to ensure that nuclear energy for peaceful purposes is used in the safest possible way
799,Robert J.,Aumann,1930-06-08,,Germany,DE,Frankfurt-on-the-Main,,,,Male,2005,Economics,,2,"""for having enhanced our understanding of conflict and cooperation through game-theory analysis""",University of Jerusalem Center for RationalityHebrew,Jerusalem,Israel,1930,75,2000,for having enhanced our understanding of conflict and cooperation through game theory analysis
800,Thomas C.,Schelling,1921-04-14,2016-12-13,USA,US,Oakland CA,USA,US,Bethesda MD,Male,2005,Economics,,2,"""for having enhanced our understanding of conflict and cooperation through game-theory analysis""",University of Maryland Department of Economics and School of Public Policy,College Park MD,USA,1921,84,2000,for having enhanced our understanding of conflict and cooperation through game theory analysis
801,Harold,Pinter,1930-10-10,2008-12-24,United Kingdom,GB,London,United Kingdom,GB,London,Male,2005,Literature,,1,"""who in his plays uncovers the precipice under everyday prattle and forces entry into oppression's closed rooms""",,,,1930,75,2000,who in his plays uncovers the precipice under everyday prattle and forces entry into oppression s closed rooms
802,Andrew Z.,Fire,1959-04-27,,USA,US,Stanford CA,,,,Male,2006,Medicine,,2,"""for their discovery of RNA interference - gene silencing by double-stranded RNA""",Stanford University School of Medicine,Stanford CA,USA,1959,47,2000,for their discovery of rna interference gene silencing by double stranded rna
803,Craig C.,Mello,1960-10-18,,USA,US,New Haven CT,,,,Male,2006,Medicine,,2,"""for their discovery of RNA interference - gene silencing by double-stranded RNA""",University of Massachusetts Medical School,Worcester MA,USA,1960,46,2000,for their discovery of rna interference gene silencing by double stranded rna
804,John C.,Mather,1946-08-07,,USA,US,Roanoke VA,,,,Male,2006,Physics,,2,"""for their discovery of the blackbody form and anisotropy of the cosmic microwave background radiation""",NASA Goddard Space Flight Center,Greenbelt MD,USA,1946,60,2000,for their discovery of the blackbody form and anisotropy of the cosmic microwave background radiation
805,George F.,Smoot,1945-02-20,,USA,US,Yukon FL,,,,Male,2006,Physics,,2,"""for their discovery of the blackbody form and anisotropy of the cosmic microwave background radiation""",University of California,Berkeley CA,USA,1945,61,2000,for their discovery of the blackbody form and anisotropy of the cosmic microwave background radiation
806,Roger D.,Kornberg,1947-04-24,,USA,US,St. Louis MO,,,,Male,2006,Chemistry,,1,"""for his studies of the molecular basis of eukaryotic transcription""",Stanford University,Stanford CA,USA,1947,59,2000,for his studies of the molecular basis of eukaryotic transcription
807,Edmund S.,Phelps,1933-07-26,,USA,US,Evanston IL,,,,Male,2006,Economics,,1,"""for his analysis of intertemporal tradeoffs in macroeconomic policy""",Columbia University,New York NY,USA,1933,73,2000,for his analysis of intertemporal tradeoffs in macroeconomic policy
808,Orhan,Pamuk,1952-06-07,,Turkey,TR,Istanbul,,,,Male,2006,Literature,,1,"""who in the quest for the melancholic soul of his native city has discovered new symbols for the clash and interlacing of cultures""",,,,1952,54,2000,who in the quest for the melancholic soul of his native city has discovered new symbols for the clash and interlacing of cultures
809,Muhammad,Yunus,1940-06-28,,British India (now Bangladesh),BD,Chittagong,,,,Male,2006,Peace,,2,"""for their efforts to create economic and social development from below""",,,,1940,66,2000,for their efforts to create economic and social development from below
811,Mario R.,Capecchi,1937-10-06,,Italy,IT,Verona,,,,Male,2007,Medicine,,3,"""for their discoveries of principles for introducing specific gene modifications in mice by the use of embryonic stem cells""",University of Utah,Salt Lake City UT,USA,1937,70,2000,for their discoveries of principles for introducing specific gene modifications in mice by the use of embryonic stem cells
812,Sir Martin J.,Evans,1941-01-01,,United Kingdom,GB,Stroud,,,,Male,2007,Medicine,,3,"""for their discoveries of principles for introducing specific gene modifications in mice by the use of embryonic stem cells""",Cardiff University,Cardiff,United Kingdom,1941,66,2000,for their discoveries of principles for introducing specific gene modifications in mice by the use of embryonic stem cells
813,Oliver,Smithies,1925-06-23,2017-01-10,United Kingdom,GB,Halifax,USA,US,Chapel Hill NC,Male,2007,Medicine,,3,"""for their discoveries of principles for introducing specific gene modifications in mice by the use of embryonic stem cells""",University of North Carolina,Chapel Hill NC,USA,1925,82,2000,for their discoveries of principles for introducing specific gene modifications in mice by the use of embryonic stem cells
814,Albert,Fert,1938-03-07,,France,FR,Carcassonne,,,,Male,2007,Physics,,2,"""for the discovery of Giant Magnetoresistance""",Universit&eacute; Paris-Sud,Orsay,France,1938,69,2000,for the discovery of giant magnetoresistance
815,Peter,Grünberg,1939-05-18,2018-04-09,Czechoslovakia (now Czech Republic),CZ,Plzen,Germany,DE,Jülich,Male,2007,Physics,,2,"""for the discovery of Giant Magnetoresistance""",Forschungszentrum J&uuml;lich,Jülich,Germany,1939,68,2000,for the discovery of giant magnetoresistance
816,Gerhard,Ertl,1936-10-10,,Germany,DE,Bad Cannstatt,,,,Male,2007,Chemistry,,1,"""for his studies of chemical processes on solid surfaces""",Fritz-Haber-Institut der Max-Planck-Gesellschaft,Berlin,Germany,1936,71,2000,for his studies of chemical processes on solid surfaces
817,Doris,Lessing,1919-10-22,2013-11-17,Persia (now Iran),IR,Kermanshah,United Kingdom,GB,London,Female,2007,Literature,,1,"""that epicist of the female experience who with scepticism fire and visionary power has subjected a divided civilisation to scrutiny""",,,,1919,88,2000,that epicist of the female experience who with scepticism fire and visionary power has subjected a divided civilisation to scrutiny
819,Al,Gore,1948-03-31,,USA,US,Washington D.C.,,,,Male,2007,Peace,,2,"""for their efforts to build up and disseminate greater knowledge about man-made climate change and to lay the foundations for the measures that are needed to counteract such change""",,,,1948,59,2000,for their efforts to build up and disseminate greater knowledge about man made climate change and to lay the foundations for the measures that are needed to counteract such change
820,Leonid,Hurwicz,1917-08-21,2008-06-24,Russia,RU,Moscow,USA,US,Minneapolis MN,Male,2007,Economics,,3,"""for having laid the foundations of mechanism design theory""",University of Minnesota,Minneapolis MN,USA,1917,90,2000,for having laid the foundations of mechanism design theory
821,Eric S.,Maskin,1950-12-12,,USA,US,New York NY,,,,Male,2007,Economics,,3,"""for having laid the foundations of mechanism design theory""",Institute for Advanced Study,Princeton NJ,USA,1950,57,2000,for having laid the foundations of mechanism design theory
822,Roger B.,Myerson,1951-03-29,,USA,US,Boston MA,,,,Male,2007,Economics,,3,"""for having laid the foundations of mechanism design theory""",University of Chicago,Chicago IL,USA,1951,56,2000,for having laid the foundations of mechanism design theory
823,Harald,zur Hausen,1936-03-11,2023-05-28,Germany,DE,Gelsenkirchen,Germany,DE,Heidelberg,Male,2008,Medicine,,2,"""for his discovery of human papilloma viruses causing cervical cancer""",German Cancer Research Center,Heidelberg,Germany,1936,72,2000,for his discovery of human papilloma viruses causing cervical cancer
824,Françoise,Barré-Sinoussi,1947-07-30,,France,FR,Paris,,,,Female,2008,Medicine,,4,"""for their discovery of human immunodeficiency virus""",Regulation of Retroviral Infections Unit Virology Department Institut Pasteur,Paris,France,1947,61,2000,for their discovery of human immunodeficiency virus
825,Luc,Montagnier,1932-08-18,2022-02-08,France,FR,Chabris,France,FR,Paris,Male,2008,Medicine,,4,"""for their discovery of human immunodeficiency virus""",World Foundation for AIDS Research and Prevention,Paris,France,1932,76,2000,for their discovery of human immunodeficiency virus
826,Yoichiro,Nambu,1921-01-18,2015-07-05,Japan,JP,Tokyo,Japan,JP,Osaka,Male,2008,Physics,,2,"""for the discovery of the mechanism of spontaneous broken symmetry in subatomic physics""",Enrico Fermi Institute University of Chicago,Chicago IL,USA,1921,87,2000,for the discovery of the mechanism of spontaneous broken symmetry in subatomic physics
827,Makoto,Kobayashi,1944-04-07,,Japan,JP,Nagoya,,,,Male,2008,Physics,,4,"""for the discovery of the origin of the broken symmetry which predicts the existence of at least three families of quarks in nature""",High Energy Accelerator Research Organization (KEK),Tsukuba,Japan,1944,64,2000,for the discovery of the origin of the broken symmetry which predicts the existence of at least three families of quarks in nature
828,Toshihide,Maskawa,1940-02-07,2021-07-23,Japan,JP,Nagoya,Japan,JP,Kyoto,Male,2008,Physics,,4,"""for the discovery of the origin of the broken symmetry which predicts the existence of at least three families of quarks in nature""",Kyoto Sangyo University,Kyoto,Japan,1940,68,2000,for the discovery of the origin of the broken symmetry which predicts the existence of at least three families of quarks in nature
829,Osamu,Shimomura,1928-08-27,2018-10-19,Japan,JP,Kyoto,Japan,JP,Nagasaki,Male,2008,Chemistry,,3,"""for the discovery and development of the green fluorescent protein GFP""",Marine Biological Laboratory (MBL),Woods Hole MA,USA,1928,80,2000,for the discovery and development of the green fluorescent protein gfp
830,Martin,Chalfie,1947-01-15,,USA,US,Chicago IL,,,,Male,2008,Chemistry,,3,"""for the discovery and development of the green fluorescent protein GFP""",Columbia University,New York NY,USA,1947,61,2000,for the discovery and development of the green fluorescent protein gfp
831,Roger Y.,Tsien,1952-02-01,2016-08-24,USA,US,New York NY,USA,US,Eugene OR,Male,2008,Chemistry,,3,"""for the discovery and development of the green fluorescent protein GFP""",University of California,San Diego CA,USA,1952,56,2000,for the discovery and development of the green fluorescent protein gfp
832,Jean-Marie Gustave,Le Clézio,1940-04-13,,France,FR,Nice,,,,Male,2008,Literature,,1,"""author of new departures poetic adventure and sensual ecstasy explorer of a humanity beyond and below the reigning civilization""",,,,1940,68,2000,author of new departures poetic adventure and sensual ecstasy explorer of a humanity beyond and below the reigning civilization
833,Martti,Ahtisaari,1937-06-23,2023-10-16,Finland,FI,Viipuri (now Vyborg),Finland,FI,Helsinki,Male,2008,Peace,,1,"""for his important efforts on several continents and over more than three decades to resolve international conflicts""",,,,1937,71,2000,for his important efforts on several continents and over more than three decades to resolve international conflicts
834,Paul,Krugman,1953-02-28,,USA,US,New York NY,,,,Male,2008,Economics,,1,"""for his analysis of trade patterns and location of economic activity""",Princeton University,Princeton NJ,USA,1953,55,2000,for his analysis of trade patterns and location of economic activity
835,Elizabeth H.,Blackburn,1948-11-26,,Australia,AU,Hobart Tasmania,,,,Female,2009,Medicine,,3,"""for the discovery of how chromosomes are protected by telomeres and the enzyme telomerase""",University of California,San Francisco CA,USA,1948,61,2000,for the discovery of how chromosomes are protected by telomeres and the enzyme telomerase
836,Carol W.,Greider,1961-04-15,,USA,US,San Diego CA,,,,Female,2009,Medicine,,3,"""for the discovery of how chromosomes are protected by telomeres and the enzyme telomerase""",Johns Hopkins University School of Medicine,Baltimore MD,USA,1961,48,2000,for the discovery of how chromosomes are protected by telomeres and the enzyme telomerase
837,Jack W.,Szostak,1952-11-09,,United Kingdom,GB,London,,,,Male,2009,Medicine,,3,"""for the discovery of how chromosomes are protected by telomeres and the enzyme telomerase""",Harvard Medical School,Boston MA,USA,1952,57,2000,for the discovery of how chromosomes are protected by telomeres and the enzyme telomerase
838,Charles K.,Kao,1933-11-04,2018-09-23,China,CN,Shanghai,,,Hong Kong,Male,2009,Physics,,2,"""for groundbreaking achievements concerning the transmission of light in fibers for optical communication""",Standard Telecommunication Laboratories,Harlow,United Kingdom,1933,76,2000,for groundbreaking achievements concerning the transmission of light in fibers for optical communication
839,Willard S.,Boyle,1924-08-19,2011-05-07,Canada,CA,Amherst NS,Canada,CA,Truro NS,Male,2009,Physics,,4,"""for the invention of an imaging semiconductor circuit - the CCD sensor""",Bell Laboratories,Murray Hill NJ,USA,1924,85,2000,for the invention of an imaging semiconductor circuit the ccd sensor
840,George E.,Smith,1930-05-10,,USA,US,White Plains NY,,,,Male,2009,Physics,,4,"""for the invention of an imaging semiconductor circuit - the CCD sensor""",Bell Laboratories,Murray Hill NJ,USA,1930,79,2000,for the invention of an imaging semiconductor circuit the ccd sensor
842,Thomas A.,Steitz,1940-08-23,2018-08-23,USA,US,Milwaukee WI,USA,US,Branford CT,Male,2009,Chemistry,,3,"""for studies of the structure and function of the ribosome""",Yale University,New Haven CT,USA,1940,69,2000,for studies of the structure and function of the ribosome
843,Ada E.,Yonath,1939-06-22,,British Mandate of Palestine (now Israel),IL,Jerusalem,,,,Female,2009,Chemistry,,3,"""for studies of the structure and function of the ribosome""",Weizmann Institute of Science,Rehovot,Israel,1939,70,2000,for studies of the structure and function of the ribosome
844,Herta,Müller,1953-08-17,,Romania,RO,Nitzkydorf Banat,,,,Female,2009,Literature,,1,"""who with the concentration of poetry and the frankness of prose depicts the landscape of the dispossessed""",,,,1953,56,2000,who with the concentration of poetry and the frankness of prose depicts the landscape of the dispossessed
845,Barack,Obama,1961-08-04,,USA,US,Honolulu HI,,,,Male,2009,Peace,,1,"""for his extraordinary efforts to strengthen international diplomacy and cooperation between peoples""",,,,1961,48,2000,for his extraordinary efforts to strengthen international diplomacy and cooperation between peoples
846,Elinor,Ostrom,1933-08-07,2012-06-12,USA,US,Los Angeles CA,USA,US,Bloomington IN,Female,2009,Economics,,2,"""for her analysis of economic governance especially the commons""",Indiana University,Bloomington IN,USA,1933,76,2000,for her analysis of economic governance especially the commons
847,Oliver E.,Williamson,1932-09-27,,USA,US,Superior WI,,,,Male,2009,Economics,,2,"""for his analysis of economic governance especially the boundaries of the firm""",University of California,Berkeley CA,USA,1932,77,2000,for his analysis of economic governance especially the boundaries of the firm
848,Robert G.,Edwards,1925-09-27,2013-04-10,United Kingdom,GB,Batley,United Kingdom,GB,Cambridge,Male,2010,Medicine,,1,"""for the development of in vitro fertilization""",University of Cambridge,Cambridge,United Kingdom,1925,85,2010,for the development of in vitro fertilization
849,Andre,Geim,1958-10-21,,Russia,RU,Sochi,,,,Male,2010,Physics,,2,"""for groundbreaking experiments regarding the two-dimensional material graphene""",University of Manchester,Manchester,United Kingdom,1958,52,2010,for groundbreaking experiments regarding the two dimensional material graphene
850,Konstantin,Novoselov,1974-08-23,,Russia,RU,Nizhny Tagil,,,,Male,2010,Physics,,2,"""for groundbreaking experiments regarding the two-dimensional material graphene""",University of Manchester,Manchester,United Kingdom,1974,36,2010,for groundbreaking experiments regarding the two dimensional material graphene
851,Richard F.,Heck,1931-08-15,2015-10-09,USA,US,Springfield MA,Philippines,PH,Manila,Male,2010,Chemistry,,3,"""for palladium-catalyzed cross couplings in organic synthesis""",University of Delaware,,USA,1931,79,2010,for palladium catalyzed cross couplings in organic synthesis
852,Ei-ichi,Negishi,1935-07-14,2021-06-06,China,CN,Changchun,USA,US,Indianapolis IN,Male,2010,Chemistry,,3,"""for palladium-catalyzed cross couplings in organic synthesis""",Purdue University,West Lafayette IN,USA,1935,75,2010,for palladium catalyzed cross couplings in organic synthesis
853,Akira,Suzuki,1930-09-12,,Japan,JP,Mukawa,,,,Male,2010,Chemistry,,3,"""for palladium-catalyzed cross couplings in organic synthesis""",Hokkaido University,Sapporo,Japan,1930,80,2010,for palladium catalyzed cross couplings in organic synthesis
854,Mario,Vargas Llosa,1936-03-28,,Peru,PE,Arequipa,,,,Male,2010,Literature,,1,"""for his cartography of structures of power and his trenchant images of the individual's resistance revolt and defeat""",,,,1936,74,2010,for his cartography of structures of power and his trenchant images of the individual s resistance revolt and defeat
855,Xiaobo,Liu,1955-12-28,2017-07-13,China,CN,Changchun,China,CN,Shenyang,Male,2010,Peace,,1,"""for his long and non-violent struggle for fundamental human rights in China""",,,,1955,55,2010,for his long and non violent struggle for fundamental human rights in china
856,Peter A.,Diamond,1940-04-29,,USA,US,New York NY,,,,Male,2010,Economics,,3,"""for their analysis of markets with search frictions""",Massachusetts Institute of Technology (MIT),Cambridge MA,USA,1940,70,2010,for their analysis of markets with search frictions
857,Dale T.,Mortensen,1939-02-02,2014-01-09,USA,US,Enterprise OR,USA,US,Wilmette IL,Male,2010,Economics,,3,"""for their analysis of markets with search frictions""",Northwestern University,Evanston IL,USA,1939,71,2010,for their analysis of markets with search frictions
858,Christopher A.,Pissarides,1948-02-20,,Cyprus,CY,Nicosia,,,,Male,2010,Economics,,3,"""for their analysis of markets with search frictions""",London School of Economics and Political Science,London,United Kingdom,1948,62,2010,for their analysis of markets with search frictions
861,Bruce A.,Beutler,1957-12-29,,USA,US,Chicago IL,,,,Male,2011,Medicine,,4,"""for their discoveries concerning the activation of innate immunity""",University of Texas Southwestern Medical Center at Dallas,Dallas TX,USA,1957,54,2010,for their discoveries concerning the activation of innate immunity
862,Jules A.,Hoffmann,1941-08-02,,Luxembourg,LU,Echternach,,,,Male,2011,Medicine,,4,"""for their discoveries concerning the activation of innate immunity""",University of Strasbourg,Strasbourg,France,1941,70,2010,for their discoveries concerning the activation of innate immunity
863,Ralph M.,Steinman,1943-01-14,2011-09-30,Canada,CA,Montreal,USA,US,New York NY,Male,2011,Medicine,,2,"""for his discovery of the dendritic cell and its role in adaptive immunity""",Rockefeller University,New York NY,USA,1943,68,2010,for his discovery of the dendritic cell and its role in adaptive immunity
865,Brian P.,Schmidt,1967-02-24,,USA,US,Missoula MT,,,,Male,2011,Physics,,4,"""for the discovery of the accelerating expansion of the Universe through observations of distant supernovae""",Australian National University,Weston Creek,Australia,1967,44,2010,for the discovery of the accelerating expansion of the universe through observations of distant supernovae
866,Adam G.,Riess,1969-12-16,,USA,US,Washington D.C.,,,,Male,2011,Physics,,4,"""for the discovery of the accelerating expansion of the Universe through observations of distant supernovae""",Johns Hopkins University,Baltimore MD,USA,1969,42,2010,for the discovery of the accelerating expansion of the universe through observations of distant supernovae
867,Dan,Shechtman,1941-01-24,,British Mandate of Palestine (now Israel),IL,Tel Aviv,,,,Male,2011,Chemistry,,1,"""for the discovery of quasicrystals""",Technion - Israel Institute of Technology,Haifa,Israel,1941,70,2010,for the discovery of quasicrystals
868,Tomas,Tranströmer,1931-04-15,2015-03-26,Sweden,SE,Stockholm,Sweden,SE,Stockholm,Male,2011,Literature,,1,"""because through his condensed translucent images he gives us fresh access to reality""",,,,1931,80,2010,because through his condensed translucent images he gives us fresh access to reality
869,Ellen,Johnson Sirleaf,1938-10-29,,Liberia,LR,Monrovia,,,,Female,2011,Peace,,3,"""for their non-violent struggle for the safety of women and for women's rights to full participation in peace-building work""",,,,1938,73,2010,for their non violent struggle for the safety of women and for women s rights to full participation in peace building work
870,Leymah,Gbowee,1972-02-01,,Liberia,LR,Monrovia,,,,Female,2011,Peace,,3,"""for their non-violent struggle for the safety of women and for women's rights to full participation in peace-building work""",,,,1972,39,2010,for their non violent struggle for the safety of women and for women s rights to full participation in peace building work
871,Tawakkol,Karman,1979-02-07,,Yemen,YE,Ta'izz,,,,Female,2011,Peace,,3,"""for their non-violent struggle for the safety of women and for women's rights to full participation in peace-building work""",,,,1979,32,2010,for their non violent struggle for the safety of women and for women s rights to full participation in peace building work
872,Thomas J.,Sargent,1943-07-19,,USA,US,Pasadena CA,,,,Male,2011,Economics,,2,"""for their empirical research on cause and effect in the macroeconomy""",New York University,New York NY,USA,1943,68,2010,for their empirical research on cause and effect in the macroeconomy
873,Christopher A.,Sims,1942-10-21,,USA,US,Washington D.C.,,,,Male,2011,Economics,,2,"""for their empirical research on cause and effect in the macroeconomy""",Princeton University,Princeton NJ,USA,1942,69,2010,for their empirical research on cause and effect in the macroeconomy
874,Sir John B.,Gurdon,1933-10-02,,United Kingdom,GB,Dippenhall,,,,Male,2012,Medicine,,2,"""for the discovery that mature cells can be reprogrammed to become pluripotent""",Gurdon Institute,Cambridge,United Kingdom,1933,79,2010,for the discovery that mature cells can be reprogrammed to become pluripotent
875,Shinya,Yamanaka,1962-09-04,,Japan,JP,Osaka,,,,Male,2012,Medicine,,2,"""for the discovery that mature cells can be reprogrammed to become pluripotent""",Kyoto University,Kyoto,Japan,1962,50,2010,for the discovery that mature cells can be reprogrammed to become pluripotent
876,Serge,Haroche,1944-09-11,,Morocco,MA,Casablanca,,,,Male,2012,Physics,,2,"""for ground-breaking experimental methods that enable measuring and manipulation of individual quantum systems""",Collège de France,Paris,France,1944,68,2010,for ground breaking experimental methods that enable measuring and manipulation of individual quantum systems
877,David J.,Wineland,1944-02-24,,USA,US,Milwaukee WI,,,,Male,2012,Physics,,2,"""for ground-breaking experimental methods that enable measuring and manipulation of individual quantum systems""",National Institute of Standards and Technology,Boulder CO,USA,1944,68,2010,for ground breaking experimental methods that enable measuring and manipulation of individual quantum systems
878,Robert J.,Lefkowitz,1943-04-15,,USA,US,New York NY,,,,Male,2012,Chemistry,,2,"""for studies of G-protein-coupled receptors""",Howard Hughes Medical Institute,,USA,1943,69,2010,for studies of g protein coupled receptors
879,Brian,Kobilka,1955-05-30,,USA,US,Little Falls MN,,,,Male,2012,Chemistry,,2,"""for studies of G-protein-coupled receptors""",Stanford University School of Medicine,Stanford CA,USA,1955,57,2010,for studies of g protein coupled receptors
880,Mo,Yan,1956-03-25,,China,CN,Gaomi,,,,Male,2012,Literature,,1,"""who with hallucinatory realism merges folk tales history and the contemporary""",,,,1956,56,2010,who with hallucinatory realism merges folk tales history and the contemporary
882,Alvin E.,Roth,1951-12-18,,USA,US,New York NY,,,,Male,2012,Economics,,2,"""for the theory of stable allocations and the practice of market design""",Harvard University,Cambridge MA,USA,1951,61,2010,for the theory of stable allocations and the practice of market design
883,Lloyd S.,Shapley,1923-06-02,2016-03-12,USA,US,Cambridge MA,USA,US,Tucson AZ,Male,2012,Economics,,2,"""for the theory of stable allocations and the practice of market design""",University of California,Los Angeles CA,USA,1923,89,2010,for the theory of stable allocations and the practice of market design
884,James E.,Rothman,1950-11-03,,USA,US,Haverhill MA,,,,Male,2013,Medicine,,3,"""for their discoveries of machinery regulating vesicle traffic a major transport system in our cells""",Yale University,New Haven CT,USA,1950,63,2010,for their discoveries of machinery regulating vesicle traffic a major transport system in our cells
885,Randy W.,Schekman,1948-12-30,,USA,US,St. Paul MN,,,,Male,2013,Medicine,,3,"""for their discoveries of machinery regulating vesicle traffic a major transport system in our cells""",University of California,Berkeley CA,USA,1948,65,2010,for their discoveries of machinery regulating vesicle traffic a major transport system in our cells
886,Thomas C.,Südhof,1955-12-22,,Germany,DE,Göttingen,,,,Male,2013,Medicine,,3,"""for their discoveries of machinery regulating vesicle traffic a major transport system in our cells""",Stanford University,Stanford CA,USA,1955,58,2010,for their discoveries of machinery regulating vesicle traffic a major transport system in our cells
887,François,Englert,1932-11-06,,Belgium,BE,Etterbeek,,,,Male,2013,Physics,,2,"""for the theoretical discovery of a mechanism that contributes to our understanding of the origin of mass of subatomic particles and which recently was confirmed through the discovery of the predicted fundamental particle by the ATLAS and CMS experiments at CERN's Large Hadron Collider""",Université Libre de Bruxelles,Brussels,Belgium,1932,81,2010,for the theoretical discovery of a mechanism that contributes to our understanding of the origin of mass of subatomic particles and which recently was confirmed through the discovery of the predicted fundamental particle by the atlas and cms experiments at cern s large hadron collider
888,Peter,Higgs,1929-05-29,,United Kingdom,GB,Newcastle upon Tyne,,,,Male,2013,Physics,,2,"""for the theoretical discovery of a mechanism that contributes to our understanding of the origin of mass of subatomic particles and which recently was confirmed through the discovery of the predicted fundamental particle by the ATLAS and CMS experiments at CERN's Large Hadron Collider""",University of Edinburgh,Edinburgh,United Kingdom,1929,84,2010,for the theoretical discovery of a mechanism that contributes to our understanding of the origin of mass of subatomic particles and which recently was confirmed through the discovery of the predicted fundamental particle by the atlas and cms experiments at cern s large hadron collider
889,Martin,Karplus,1930-03-15,,Austria,AT,Vienna,,,,Male,2013,Chemistry,,3,"""for the development of multiscale models for complex chemical systems""",Université de Strasbourg,Strasbourg,France,1930,83,2010,for the development of multiscale models for complex chemical systems
890,Michael,Levitt,1947-05-09,,South Africa,ZA,Pretoria,,,,Male,2013,Chemistry,,3,"""for the development of multiscale models for complex chemical systems""",Stanford University School of Medicine,Stanford CA,USA,1947,66,2010,for the development of multiscale models for complex chemical systems
891,Arieh,Warshel,1940-11-20,,British Mandate of Palestine (now Israel),IL,Kibbutz Sde-Nahum,,,,Male,2013,Chemistry,,3,"""for the development of multiscale models for complex chemical systems""",University of Southern California,Los Angeles CA,USA,1940,73,2010,for the development of multiscale models for complex chemical systems
892,Alice,Munro,1931-07-10,,Canada,CA,Wingham,,,,Female,2013,Literature,,1,"""master of the contemporary short story""",,,,1931,82,2010,master of the contemporary short story
894,Eugene F.,Fama,1939-02-14,,USA,US,Boston MA,,,,Male,2013,Economics,,3,"""for their empirical analysis of asset prices""",University of Chicago,Chicago IL,USA,1939,74,2010,for their empirical analysis of asset prices
895,Lars Peter,Hansen,1952-10-26,,USA,US,Urbana IL,,,,Male,2013,Economics,,3,"""for their empirical analysis of asset prices""",University of Chicago,Chicago IL,USA,1952,61,2010,for their empirical analysis of asset prices
896,Robert J.,Shiller,1946-03-29,,USA,US,Detroit MI,,,,Male,2013,Economics,,3,"""for their empirical analysis of asset prices""",Yale University,New Haven CT,USA,1946,67,2010,for their empirical analysis of asset prices
903,John,O'Keefe,1939-11-18,,USA,US,New York NY,,,,Male,2014,Medicine,,2,"""for their discoveries of cells that constitute a positioning system in the brain""",University College,London,United Kingdom,1939,75,2010,for their discoveries of cells that constitute a positioning system in the brain
904,May-Britt,Moser,1963-01-04,,Norway,NO,Fosnavåg,,,,Female,2014,Medicine,,4,"""for their discoveries of cells that constitute a positioning system in the brain""",Norwegian University of Science and Technology (NTNU),Trondheim,Norway,1963,51,2010,for their discoveries of cells that constitute a positioning system in the brain
905,Edvard I.,Moser,1962-04-27,,Norway,NO,Ålesund,,,,Male,2014,Medicine,,4,"""for their discoveries of cells that constitute a positioning system in the brain""",Norwegian University of Science and Technology (NTNU),Trondheim,Norway,1962,52,2010,for their discoveries of cells that constitute a positioning system in the brain
906,Isamu,Akasaki,1929-01-30,2021-04-01,Japan,JP,Chiran,Japan,JP,Nagoya,Male,2014,Physics,,3,"""for the invention of efficient blue light-emitting diodes which has enabled bright and energy-saving white light sources""",Meijo University,Nagoya,Japan,1929,85,2010,for the invention of efficient blue light emitting diodes which has enabled bright and energy saving white light sources
907,Hiroshi,Amano,1960-09-11,,Japan,JP,Hamamatsu,,,,Male,2014,Physics,,3,"""for the invention of efficient blue light-emitting diodes which has enabled bright and energy-saving white light sources""",Nagoya University,Nagoya,Japan,1960,54,2010,for the invention of efficient blue light emitting diodes which has enabled bright and energy saving white light sources
908,Shuji,Nakamura,1954-05-22,,Japan,JP,Ikata,,,,Male,2014,Physics,,3,"""for the invention of efficient blue light-emitting diodes which has enabled bright and energy-saving white light sources""",University of California,Santa Barbara CA,USA,1954,60,2010,for the invention of efficient blue light emitting diodes which has enabled bright and energy saving white light sources
909,Eric,Betzig,1960-01-13,,USA,US,Ann Arbor MI,,,,Male,2014,Chemistry,,3,"""for the development of super-resolved fluorescence microscopy""",Janelia Research Campus Howard Hughes Medical Institute,Ashburn VA,USA,1960,54,2010,for the development of super resolved fluorescence microscopy
910,Stefan W.,Hell,1962-12-23,,Romania,RO,Arad,,,,Male,2014,Chemistry,,3,"""for the development of super-resolved fluorescence microscopy""",Max Planck Institute for Biophysical Chemistry,Göttingen,Germany,1962,52,2010,for the development of super resolved fluorescence microscopy
911,William E.,Moerner,1953-06-24,,USA,US,Pleasanton CA,,,,Male,2014,Chemistry,,3,"""for the development of super-resolved fluorescence microscopy""",Stanford University,Stanford CA,USA,1953,61,2010,for the development of super resolved fluorescence microscopy
912,Patrick,Modiano,1945-07-30,,France,FR,Paris,,,,Male,2014,Literature,,1,"""for the art of memory with which he has evoked the most ungraspable human destinies and
uncovered the life-world of the occupation""",,,,1945,69,2010,for the art of memory with which he has evoked the most ungraspable human destinies and uncovered the life world of the occupation
913,Kailash,Satyarthi,1954-01-11,,India,IN,Vidisha,,,,Male,2014,Peace,,2,"""for their struggle against the suppression of children and young people and for the right of all children to education""",,,,1954,60,2010,for their struggle against the suppression of children and young people and for the right of all children to education
914,Malala,Yousafzai,1997-07-12,,Pakistan,PK,Mingora,,,,Female,2014,Peace,,2,"""for their struggle against the suppression of children and young people and for the right of all children to education""",,,,1997,17,2010,for their struggle against the suppression of children and young people and for the right of all children to education
915,Jean,Tirole,1953-08-09,,France,FR,Troyes,,,,Male,2014,Economics,,1,"""for his analysis of market power and regulation""",Toulouse School of Economics (TSE),Toulouse,France,1953,61,2010,for his analysis of market power and regulation
916,William C.,Campbell,1930-06-28,,Ireland,IE,Ramelton,,,,Male,2015,Medicine,,4,"""for their discoveries concerning a novel therapy against infections caused by roundworm parasites""",Drew University,Madison NJ,USA,1930,85,2010,for their discoveries concerning a novel therapy against infections caused by roundworm parasites
917,Satoshi,Ōmura,1935-07-12,,Japan,JP,Yamanashi Prefecture,,,,Male,2015,Medicine,,4,"""for their discoveries concerning a novel therapy against infections caused by roundworm parasites""",Kitasato University,Tokyo,Japan,1935,80,2010,for their discoveries concerning a novel therapy against infections caused by roundworm parasites
918,Youyou,Tu,1930-12-30,,China,CN,Zhejiang Ningbo,,,,Female,2015,Medicine,,2,"""for her discoveries concerning a novel therapy against Malaria""",China Academy of Traditional Chinese Medicine,Beijing,China,1930,85,2010,for her discoveries concerning a novel therapy against malaria
919,Takaaki,Kajita,1959-03-09,,Japan,JP,Higashimatsuyama,,,,Male,2015,Physics,,2,"""for the discovery of neutrino oscillations which shows that neutrinos have mass""",University of Tokyo,Kashiwa,Japan,1959,56,2010,for the discovery of neutrino oscillations which shows that neutrinos have mass
920,Arthur B.,McDonald,1943-08-29,,Canada,CA,Sydney Nova Scotia,,,,Male,2015,Physics,,2,"""for the discovery of neutrino oscillations which shows that neutrinos have mass""",Queen's University,Kingston,Canada,1943,72,2010,for the discovery of neutrino oscillations which shows that neutrinos have mass
921,Tomas,Lindahl,1938-01-28,,Sweden,SE,Stockholm,,,,Male,2015,Chemistry,,3,"""for mechanistic studies of DNA repair""",Francis Crick Institute,Hertfordshire,United Kingdom,1938,77,2010,for mechanistic studies of dna repair
922,Paul,Modrich,1946-06-13,,USA,US,Raton NM,,,,Male,2015,Chemistry,,3,"""for mechanistic studies of DNA repair""",Howard Hughes Medical Institute,Durham NC,USA,1946,69,2010,for mechanistic studies of dna repair
923,Aziz,Sancar,1946-09-08,,Turkey,TR,Savur,,,,Male,2015,Chemistry,,3,"""for mechanistic studies of DNA repair""",University of North Carolina,Chapel Hill NC,USA,1946,69,2010,for mechanistic studies of dna repair
924,Svetlana,Alexievich,1948-05-31,,Ukraine,UA,Ivano-Frankivsk,,,,Female,2015,Literature,,1,"""for her polyphonic writings a monument to suffering and courage in our time""",,,,1948,67,2010,for her polyphonic writings a monument to suffering and courage in our time
926,Angus,Deaton,1945-10-19,,Scotland,GB,Edinburgh,,,,Male,2015,Economics,,1,"""for his analysis of consumption poverty and welfare""",Princeton University,Princeton NJ,USA,1945,70,2010,for his analysis of consumption poverty and welfare
927,Yoshinori,Ohsumi,1945-02-09,,Japan,JP,Fukuoka,,,,Male,2016,Medicine,,1,"""for his discoveries of mechanisms for autophagy""",Tokyo Institute of Technology,Tokyo,Japan,1945,71,2010,for his discoveries of mechanisms for autophagy
928,David J.,Thouless,1934-09-21,2019-04-06,United Kingdom,GB,Bearsden,United Kingdom,GB,Cambridge,Male,2016,Physics,,2,"""for theoretical discoveries of topological phase transitions and topological phases of matter""",University of Washington,Seattle WA,USA,1934,82,2010,for theoretical discoveries of topological phase transitions and topological phases of matter
929,F. Duncan M.,Haldane,1951-09-14,,United Kingdom,GB,London,,,,Male,2016,Physics,,4,"""for theoretical discoveries of topological phase transitions and topological phases of matter""",Princeton University,Princeton NJ,USA,1951,65,2010,for theoretical discoveries of topological phase transitions and topological phases of matter
930,J. Michael,Kosterlitz,1943-06-22,,United Kingdom,GB,Aberdeen,,,,Male,2016,Physics,,4,"""for theoretical discoveries of topological phase transitions and topological phases of matter""",Brown University,Providence RI,USA,1943,73,2010,for theoretical discoveries of topological phase transitions and topological phases of matter
931,Jean-Pierre,Sauvage,1944-10-21,,France,FR,Paris,,,,Male,2016,Chemistry,,3,"""for the design and synthesis of molecular machines""",University of Strasbourg,Strasbourg,France,1944,72,2010,for the design and synthesis of molecular machines
932,Sir J. Fraser,Stoddart,1942-05-24,,United Kingdom,GB,Edinburgh,,,,Male,2016,Chemistry,,3,"""for the design and synthesis of molecular machines""",Northwestern University,Evanston IL,USA,1942,74,2010,for the design and synthesis of molecular machines
933,Bernard L.,Feringa,1951-05-18,,the Netherlands,NL,Barger-Compascuum,,,,Male,2016,Chemistry,,3,"""for the design and synthesis of molecular machines""",University of Groningen,Groningen,the Netherlands,1951,65,2010,for the design and synthesis of molecular machines
934,Juan Manuel,Santos,1951-08-10,,Colombia,CO,Bogotá,,,,Male,2016,Peace,,1,"""for his resolute efforts to bring the country's more than 50-year-long civil war to an end""",,,,1951,65,2010,for his resolute efforts to bring the country s more than 50 year long civil war to an end
935,Oliver,Hart,1948-10-09,,United Kingdom,GB,London,,,,Male,2016,Economics,,2,"""for their contributions to contract theory""",Harvard University,Cambridge MA,USA,1948,68,2010,for their contributions to contract theory
936,Bengt,Holmström,1949-04-18,,Finland,FI,Helsinki,,,,Male,2016,Economics,,2,"""for their contributions to contract theory""",Massachusetts Institute of Technology (MIT),Cambridge MA,USA,1949,67,2010,for their contributions to contract theory
937,Bob,Dylan,1941-05-24,,USA,US,Duluth MN,,,,Male,2016,Literature,,1,"""for having created new poetic expressions within the great American song tradition""",,,,1941,75,2010,for having created new poetic expressions within the great american song tradition
938,Jeffrey C.,Hall,1945-05-03,,USA,US,New York NY,,,,Male,2017,Medicine,,3,"""for their discoveries of molecular mechanisms controlling the circadian rhythm""",University of Maine,Maine ME,USA,1945,72,2010,for their discoveries of molecular mechanisms controlling the circadian rhythm
939,Michael,Rosbash,1944-03-07,,USA,US,Kansas City MO,,,,Male,2017,Medicine,,3,"""for their discoveries of molecular mechanisms controlling the circadian rhythm""",Brandeis University,Waltham MA,USA,1944,73,2010,for their discoveries of molecular mechanisms controlling the circadian rhythm
940,Michael W.,Young,1949-03-28,,USA,US,Miami FL,,,,Male,2017,Medicine,,3,"""for their discoveries of molecular mechanisms controlling the circadian rhythm""",Rockefeller University,New York NY,USA,1949,68,2010,for their discoveries of molecular mechanisms controlling the circadian rhythm
941,Rainer,Weiss,1932-09-29,,Germany,DE,Berlin,,,,Male,2017,Physics,,2,"""for decisive contributions to the LIGO detector and the observation of gravitational waves""",LIGO/VIRGO Collaboration,,,1932,85,2010,for decisive contributions to the ligo detector and the observation of gravitational waves
942,Barry C.,Barish,1936-01-27,,USA,US,Omaha NE,,,,Male,2017,Physics,,4,"""for decisive contributions to the LIGO detector and the observation of gravitational waves""",LIGO/VIRGO Collaboration,,,1936,81,2010,for decisive contributions to the ligo detector and the observation of gravitational waves
943,Kip S.,Thorne,1940-06-01,,USA,US,Logan UT,,,,Male,2017,Physics,,4,"""for decisive contributions to the LIGO detector and the observation of gravitational waves""",LIGO/VIRGO Collaboration,,,1940,77,2010,for decisive contributions to the ligo detector and the observation of gravitational waves
944,Jacques,Dubochet,1942-06-08,,Switzerland,CH,Aigle,,,,Male,2017,Chemistry,,3,"""for developing cryo-electron microscopy for the high-resolution structure determination of biomolecules in solution""",University of Lausanne,Lausanne,Switzerland,1942,75,2010,for developing cryo electron microscopy for the high resolution structure determination of biomolecules in solution
945,Joachim,Frank,1940-09-12,,Germany,DE,Siegen,,,,Male,2017,Chemistry,,3,"""for developing cryo-electron microscopy for the high-resolution structure determination of biomolecules in solution""",Columbia University,New York NY,USA,1940,77,2010,for developing cryo electron microscopy for the high resolution structure determination of biomolecules in solution
946,Richard,Henderson,1945-07-19,,Scotland,GB,Edinburgh,,,,Male,2017,Chemistry,,3,"""for developing cryo-electron microscopy for the high-resolution structure determination of biomolecules in solution""",MRC Laboratory of Molecular Biology,Cambridge,United Kingdom,1945,72,2010,for developing cryo electron microscopy for the high resolution structure determination of biomolecules in solution
947,Kazuo,Ishiguro,1954-11-08,,Japan,JP,Nagasaki,,,,Male,2017,Literature,,1,"""who in novels of great emotional force has uncovered the abyss beneath our illusory sense of connection with the world""",,,,1954,63,2010,who in novels of great emotional force has uncovered the abyss beneath our illusory sense of connection with the world
949,Richard H.,Thaler,1945-09-12,,USA,US,East Orange NJ,,,,Male,2017,Economics,,1,"""for his contributions to behavioural economics""",University of Chicago,Chicago IL,USA,1945,72,2010,for his contributions to behavioural economics
958,James P.,Allison,1948-08-07,,USA,US,Alice TX,,,,Male,2018,Medicine,,2,"""for their discovery of cancer therapy by inhibition of negative immune regulation""",Parker Institute for Cancer Immunotherapy,San Francisco CA,USA,1948,70,2010,for their discovery of cancer therapy by inhibition of negative immune regulation
959,Tasuku,Honjo,1942-01-27,,Japan,JP,Kyoto,,,,Male,2018,Medicine,,2,"""for their discovery of cancer therapy by inhibition of negative immune regulation""",Kyoto University,Kyoto,Japan,1942,76,2010,for their discovery of cancer therapy by inhibition of negative immune regulation
960,Arthur,Ashkin,1922-09-02,2020-09-21,USA,US,New York NY,USA,US,Rumson NJ,Male,2018,Physics,"""for groundbreaking inventions in the field of laser physics""",2,"""for the optical tweezers and their application to biological systems""",Bell Laboratories,Holmdel NJ,USA,1922,96,2010,for the optical tweezers and their application to biological systems
961,Gérard,Mourou,1944-06-22,,France,FR,Albertville,,,,Male,2018,Physics,"""for groundbreaking inventions in the field of laser physics""",4,"""for their method of generating high-intensity ultra-short optical pulses""",École Polytechnique,Palaiseau,France,1944,74,2010,for their method of generating high intensity ultra short optical pulses
962,Donna,Strickland,1959-05-27,,Canada,CA,Guelph,,,,Female,2018,Physics,"""for groundbreaking inventions in the field of laser physics""",4,"""for their method of generating high-intensity ultra-short optical pulses""",University of Waterloo,Waterloo,Canada,1959,59,2010,for their method of generating high intensity ultra short optical pulses
963,Frances H.,Arnold,1956-07-25,,USA,US,Pittsburgh PA,,,,Female,2018,Chemistry,,2,"""for the directed evolution of enzymes""",California Institute of Technology (Caltech),Pasadena CA,USA,1956,62,2010,for the directed evolution of enzymes
964,George P.,Smith,1941-03-10,,USA,US,Norwalk CT,,,,Male,2018,Chemistry,,4,"""for the phage display of peptides and antibodies""",University of Missouri,Columbia,USA,1941,77,2010,for the phage display of peptides and antibodies
965,Sir Gregory P.,Winter,1951-04-14,,United Kingdom,GB,Leicester,,,,Male,2018,Chemistry,,4,"""for the phage display of peptides and antibodies""",MRC Laboratory of Molecular Biology,Cambridge,United Kingdom,1951,67,2010,for the phage display of peptides and antibodies
966,Denis,Mukwege,1955-03-01,,Belgian Congo (now Democratic Republic of the Congo),CD,Bukavu,,,,Male,2018,Peace,,2,"""for their efforts to end the use of sexual violence as a weapon of war and armed conflict""",,,,1955,63,2010,for their efforts to end the use of sexual violence as a weapon of war and armed conflict
968,William D.,Nordhaus,1941-05-31,,USA,US,Albuquerque NM,,,,Male,2018,Economics,,2,"""for integrating climate change into long-run macroeconomic analysis""",Yale University,New Haven CT,USA,1941,77,2010,for integrating climate change into long run macroeconomic analysis
970,William,Kaelin,1957-11-23,,USA,US,New York NY,,,,Male,2019,Medicine,,3,"""for their discoveries of how cells sense and adapt to oxygen availability""",Harvard Medical School,Boston MA,USA,1957,62,2010,for their discoveries of how cells sense and adapt to oxygen availability
971,Peter,Ratcliffe,1954-05-14,,United Kingdom,GB,Lancashire,,,,Male,2019,Medicine,,3,"""for their discoveries of how cells sense and adapt to oxygen availability""",University of Oxford,Oxford,United Kingdom,1954,65,2010,for their discoveries of how cells sense and adapt to oxygen availability
972,Gregg,Semenza,1956-07-12,,USA,US,New York NY,,,,Male,2019,Medicine,,3,"""for their discoveries of how cells sense and adapt to oxygen availability""",Johns Hopkins University,Baltimore MD,USA,1956,63,2010,for their discoveries of how cells sense and adapt to oxygen availability
973,James,Peebles,1935-04-25,,Canada,CA,Winnipeg,,,,Male,2019,Physics,"""for contributions to our understanding of the evolution of the universe and Earth’s place in the cosmos""",2,"""for theoretical discoveries in physical cosmology""",Princeton University,Princeton NJ,USA,1935,84,2010,for theoretical discoveries in physical cosmology
974,Michel,Mayor,1942-01-12,,Switzerland,CH,Lausanne,,,,Male,2019,Physics,"""for contributions to our understanding of the evolution of the universe and Earth’s place in the cosmos""",4,"""for the discovery of an exoplanet orbiting a solar-type star""",University of Geneva,Geneva,Switzerland,1942,77,2010,for the discovery of an exoplanet orbiting a solar type star
975,Didier,Queloz,1966-02-23,,Switzerland,CH,Geneva,,,,Male,2019,Physics,"""for contributions to our understanding of the evolution of the universe and Earth’s place in the cosmos""",4,"""for the discovery of an exoplanet orbiting a solar-type star""",University of Geneva,Geneva,Switzerland,1966,53,2010,for the discovery of an exoplanet orbiting a solar type star
976,John,Goodenough,1922-07-25,2023-06-25,Germany,DE,Jena,USA,US,Austin TX,Male,2019,Chemistry,,3,"""for the development of lithium-ion batteries""",University of Texas,Austin TX,USA,1922,97,2010,for the development of lithium ion batteries
977,M. Stanley,Whittingham,1941-12-22,,United Kingdom,GB,,,,,Male,2019,Chemistry,,3,"""for the development of lithium-ion batteries""",Binghamton University State University of New York,New York NY,USA,1941,78,2010,for the development of lithium ion batteries
978,Akira,Yoshino,1948-01-30,,Japan,JP,Suita,,,,Male,2019,Chemistry,,3,"""for the development of lithium-ion batteries""",Asahi Kasei Corporation,Tokyo,Japan,1948,71,2010,for the development of lithium ion batteries
979,Olga,Tokarczuk,1962-01-29,,Poland,PL,Sulechów,,,,Female,2018,Literature,,1,"""for a narrative imagination that with encyclopedic passion represents the crossing of boundaries as a form of life""",,,,1962,56,2010,for a narrative imagination that with encyclopedic passion represents the crossing of boundaries as a form of life
980,Peter,Handke,1942-12-06,,Austria,AT,Griffen,,,,Male,2019,Literature,,1,"""for an influential work that with linguistic ingenuity has explored the periphery and the specificity of human experience""",,,,1942,77,2010,for an influential work that with linguistic ingenuity has explored the periphery and the specificity of human experience
981,Abiy,Ahmed Ali,1976-08-15,,Ethiopia,ET,Beshasha,,,,Male,2019,Peace,,1,"""for his efforts to achieve peace and international cooperation and in particular for his decisive initiative to resolve the border conflict with neighbouring Eritrea""",,,,1976,43,2010,for his efforts to achieve peace and international cooperation and in particular for his decisive initiative to resolve the border conflict with neighbouring eritrea
982,Abhijit,Banerjee,1961-02-21,,India,IN,Mumbai,,,,Male,2019,Economics,,3,"""for their experimental approach to alleviating global poverty""",Massachusetts Institute of Technology (MIT),Cambridge MA,USA,1961,58,2010,for their experimental approach to alleviating global poverty
983,Esther,Duflo,1972-10-25,,France,FR,Paris,,,,Female,2019,Economics,,3,"""for their experimental approach to alleviating global poverty""",Massachusetts Institute of Technology (MIT),Cambridge MA,USA,1972,47,2010,for their experimental approach to alleviating global poverty
984,Michael,Kremer,1964-11-12,,USA,US,New York NY,,,,Male,2019,Economics,,3,"""for their experimental approach to alleviating global poverty""",Harvard University,Cambridge MA,USA,1964,55,2010,for their experimental approach to alleviating global poverty
985,Harvey,Alter,1935-09-12,,USA,US,New York NY,,,,Male,2020,Medicine,,3,"""for the discovery of Hepatitis C virus""",National Institutes of Health,Bethesda MD,USA,1935,85,2020,for the discovery of hepatitis c virus
987,Charles,Rice,1952-08-25,,USA,US,Sacramento CA,,,,Male,2020,Medicine,,3,"""for the discovery of Hepatitis C virus""",Rockefeller University,New York NY,USA,1952,68,2020,for the discovery of hepatitis c virus
988,Roger,Penrose,1931-08-08,,United Kingdom,GB,Colchester,,,,Male,2020,Physics,,2,"""for the discovery that black hole formation is a robust prediction of the general theory of relativity""",University of Oxford,Oxford,United Kingdom,1931,89,2020,for the discovery that black hole formation is a robust prediction of the general theory of relativity
989,Reinhard,Genzel,1952-03-24,,Germany,DE,Bad Homburg vor der Höhe,,,,Male,2020,Physics,,4,"""for the discovery of a supermassive compact object at the centre of our galaxy""",Max Planck Institute for Extraterrestrial Physics,Garching,Germany,1952,68,2020,for the discovery of a supermassive compact object at the centre of our galaxy
990,Andrea,Ghez,1965-06-16,,USA,US,New York NY,,,,Female,2020,Physics,,4,"""for the discovery of a supermassive compact object at the centre of our galaxy""",University of California,Los Angeles CA,USA,1965,55,2020,for the discovery of a supermassive compact object at the centre of our galaxy
991,Emmanuelle,Charpentier,1968-12-11,,France,FR,Juvisy-sur-Orge,,,,Female,2020,Chemistry,,2,"""for the development of a method for genome editing""",Max Planck Unit for the Science of Pathogens,Berlin,Germany,1968,52,2020,for the development of a method for genome editing
992,Jennifer A.,Doudna,1964-02-19,,USA,US,Washington D.C.,,,,Female,2020,Chemistry,,2,"""for the development of a method for genome editing""",University of California,Berkeley CA,USA,1964,56,2020,for the development of a method for genome editing
993,Louise,Glück,1943-04-22,2023-10-13,USA,US,New York NY,USA,US,Cambridge MA,Female,2020,Literature,,1,"""for her unmistakable poetic voice that with austere beauty makes individual existence universal""",,,,1943,77,2020,for her unmistakable poetic voice that with austere beauty makes individual existence universal
995,Paul,Milgrom,1948-04-20,,USA,US,Detroit MI,,,,Male,2020,Economics,,2,"""for improvements to auction theory and inventions of new auction formats""",Stanford University,Stanford CA,USA,1948,72,2020,for improvements to auction theory and inventions of new auction formats
996,Robert,Wilson,1937-05-16,,USA,US,Geneva NE,,,,Male,2020,Economics,,2,"""for improvements to auction theory and inventions of new auction formats""",Stanford University,Stanford CA,USA,1937,83,2020,for improvements to auction theory and inventions of new auction formats
997,David,Julius,1955-11-04,,USA,US,New York NY,,,,Male,2021,Medicine,,2,"""for their discoveries of receptors for temperature and touch""",University of California,San Francisco CA,USA,1955,66,2020,for their discoveries of receptors for temperature and touch
999,Syukuro,Manabe,1931-09-21,,Japan,JP,Shingu Ehime,,,,Male,2021,Physics,"""for groundbreaking contributions to our understanding of complex physical systems""",4,"""for the physical modelling of Earth’s climate quantifying variability and reliably predicting global warming""",Princeton University,Princeton NJ,USA,1931,90,2020,for the physical modelling of earth s climate quantifying variability and reliably predicting global warming
1000,Klaus,Hasselmann,1931-10-25,,Germany,DE,Hamburg,,,,Male,2021,Physics,"""for groundbreaking contributions to our understanding of complex physical systems""",4,"""for the physical modelling of Earth’s climate quantifying variability and reliably predicting global warming""",Max Planck Institute for Meteorology,Hamburg,Germany,1931,90,2020,for the physical modelling of earth s climate quantifying variability and reliably predicting global warming
1001,Giorgio,Parisi,1948-08-04,,Italy,IT,Rome,,,,Male,2021,Physics,"""for groundbreaking contributions to our understanding of complex physical systems""",2,"""for the discovery of the interplay of disorder and fluctuations in physical systems from atomic to planetary scales""",Sapienza University of Rome,Rome,Italy,1948,73,2020,for the discovery of the interplay of disorder and fluctuations in physical systems from atomic to planetary scales
1002,Benjamin,List,1968-01-11,,Germany,DE,Frankfurt-on-the-Main,,,,Male,2021,Chemistry,,2,"""for the development of asymmetric organocatalysis""",Max-Planck-Institut für Kohlenforschung,Mülheim an der Ruhr,Germany,1968,53,2020,for the development of asymmetric organocatalysis
1003,David,MacMillan,1968-03-16,,United Kingdom,GB,Bellshill,,,,Male,2021,Chemistry,,2,"""for the development of asymmetric organocatalysis""",Princeton University,Princeton NJ,USA,1968,53,2020,for the development of asymmetric organocatalysis
1005,Maria,Ressa,1963-10-02,,Philippines,PH,Manila,,,,Female,2021,Peace,,2,"""for their efforts to safeguard freedom of expression which is a precondition for democracy and lasting peace""",,,,1963,58,2020,for their efforts to safeguard freedom of expression which is a precondition for democracy and lasting peace
1008,Joshua,Angrist,1960-09-18,,USA,US,Columbus OH,,,,Male,2021,Economics,,4,"""for their methodological contributions to the analysis of causal relationships""",Massachusetts Institute of Technology (MIT),Cambridge MA,USA,1960,61,2020,for their methodological contributions to the analysis of causal relationships
1009,Guido,Imbens,1963-09-03,,the Netherlands,NL,Geldrop,,,,Male,2021,Economics,,4,"""for their methodological contributions to the analysis of causal relationships""",Stanford University,Stanford CA,USA,1963,58,2020,for their methodological contributions to the analysis of causal relationships
1011,Svante,Pääbo,1955-04-20,,Sweden,SE,Stockholm,,,,Male,2022,Medicine,,1,"""for his discoveries concerning the genomes of extinct hominins and human evolution""",Max Planck Institute for Evolutionary Anthropology,Leipzig,Germany,1955,67,2020,for his discoveries concerning the genomes of extinct hominins and human evolution
1012,Alain,Aspect,1947-06-15,,France,FR,Agen,,,,Male,2022,Physics,,3,"""for experiments with entangled photons establishing the violation of Bell inequalities and  pioneering quantum information science""",Institut d’Optique Graduate School – Université Paris-Saclay,Paris,France,1947,75,2020,for experiments with entangled photons establishing the violation of bell inequalities and pioneering quantum information science
1013,John,Clauser,1942-12-01,,USA,US,Pasadena CA,,,,Male,2022,Physics,,3,"""for experiments with entangled photons establishing the violation of Bell inequalities and  pioneering quantum information science""",J.F. Clauser & Assoc.,Walnut Creek CA,USA,1942,80,2020,for experiments with entangled photons establishing the violation of bell inequalities and pioneering quantum information science
1014,Anton,Zeilinger,1945-05-20,,Austria,AT,Ried im Innkreis,,,,Male,2022,Physics,,3,"""for experiments with entangled photons establishing the violation of Bell inequalities and  pioneering quantum information science""",University of Vienna,Vienna,Austria,1945,77,2020,for experiments with entangled photons establishing the violation of bell inequalities and pioneering quantum information science
1015,Carolyn,Bertozzi,1966-10-10,,USA,US,Boston MA,,,,Female,2022,Chemistry,,3,"""for the development of click chemistry and bioorthogonal chemistry""",Stanford University,Stanford CA,USA,1966,56,2020,for the development of click chemistry and bioorthogonal chemistry
1017,Annie,Ernaux,1940-09-01,,France,FR,Lillebonne,,,,Female,2022,Literature,,1,"""for the courage and clinical acuity with which she uncovers the roots estrangements and  collective restraints of personal memory""",,,,1940,82,2020,for the courage and clinical acuity with which she uncovers the roots estrangements and collective restraints of personal memory
1018,Ales,Bialiatski,1962-09-25,,Russia,RU,Vyartsilya Karelia,,,,Male,2022,Peace,,3,"""The Peace Prize laureates represent civil society in their home countries. They have for many years promoted the right to criticise power and protect the fundamental rights of citizens. They have made an outstanding effort to document war crimes human right abuses and the abuse of power. Together they demonstrate the significance of civil society for peace and democracy.""",,,,1962,60,2020,the peace prize laureates represent civil society in their home countries they have for many years promoted the right to criticise power and protect the fundamental rights of citizens they have made an outstanding effort to document war crimes human right abuses and the abuse of power together they demonstrate the significance of civil society for peace and democracy
1021,Ben,Bernanke,1953-12-13,,USA,US,Augusta GA,,,,Male,2022,Economics,,3,"""for research on banks and financial crises""",The Brookings Institution,Washington D.C.,USA,1953,69,2020,for research on banks and financial crises
1022,Douglas,Diamond,1953-10-25,,USA,US,Chicago IL,,,,Male,2022,Economics,,3,"""for research on banks and financial crises""",University of Chicago,Chicago IL,USA,1953,69,2020,for research on banks and financial crises
1023,Philip,Dybvig,1955-05-22,,USA,US,Gainesville FL,,,,Male,2022,Economics,,3,"""for research on banks and financial crises""",Washington University,St. Louis MO,USA,1955,67,2020,for research on banks and financial crises
1024,Katalin,Karikó,1955-01-17,,Hungary,HU,Szolnok,,,,Female,2023,Medicine,,2,"""for their discoveries concerning nucleoside base modifications that enabled the development of effective mRNA vaccines against COVID-19""",Szeged University,Szeged,Hungary,1955,68,2020,for their discoveries concerning nucleoside base modifications that enabled the development of effective mrna vaccines against covid 19
1025,Drew,Weissman,1959-09-07,,USA,US,Lexington MA,,,,Male,2023,Medicine,,2,"""for their discoveries concerning nucleoside base modifications that enabled the development of effective mRNA vaccines against COVID-19""",Penn Institute for RNA Innovations University of Pennsylvania,Philadelphia PA,USA,1959,64,2020,for their discoveries concerning nucleoside base modifications that enabled the development of effective mrna vaccines against covid 19
1026,Pierre,Agostini,1941-07-23,,French protectorate of Tunisia (now Tunisia),TN,Tunis,,,,Male,2023,Physics,,3,"""for experimental methods that generate attosecond pulses of light for the study of electron dynamics in matter""",The Ohio State University,Columbus OH,USA,1941,82,2020,for experimental methods that generate attosecond pulses of light for the study of electron dynamics in matter
1027,Ferenc,Krausz,1962-05-17,,Hungary,HU,Mór,,,,Male,2023,Physics,,3,"""for experimental methods that generate attosecond pulses of light for the study of electron dynamics in matter""",Max Planck Institute of Quantum Optics,Garching,Germany,1962,61,2020,for experimental methods that generate attosecond pulses of light for the study of electron dynamics in matter
1028,Anne,L’Huillier,1958-08-16,,France,FR,Paris,,,,Female,2023,Physics,,3,"""for experimental methods that generate attosecond pulses of light for the study of electron dynamics in matter""",Lund University,Lund,Sweden,1958,65,2020,for experimental methods that generate attosecond pulses of light for the study of electron dynamics in matter
1032,Jon,Fosse,1959-09-29,,Norway,NO,Haugesund,,,,Male,2023,Literature,,1,"""for his innovative plays and prose which give voice to the unsayable""",,,,1959,64,2020,for his innovative plays and prose which give voice to the unsayable
1033,Narges,Mohammadi,1972-04-21,,Iran,IR,Zanjan,,,,Female,2023,Peace,,1,"""for her fight against the oppression of women in Iran and her fight to promote human rights and freedom for all""",,,,1972,51,2020,for her fight against the oppression of women in iran and her fight to promote human rights and freedom for all
